,url,date_of_creation
0,https://www.cnn.com/sitemaps/article-2023-11.xml,2023-11-21T10:58:57Z
1,https://www.cnn.com/sitemaps/gallery-2023-11.xml,2023-11-21T09:28:53Z
2,https://www.cnn.com/sitemaps/video-2023-11.xml,2023-11-21T00:35:36Z
3,https://www.cnn.com/sitemaps/show-2023-11.xml,2023-11-20T22:43:08Z
4,https://www.cnn.com/sitemaps/special-2023-11.xml,2023-11-20T12:37:53Z
5,https://edition.cnn.com/sitemaps/gallery-2023-11.xml,2023-11-20T03:30:05Z
6,https://edition.cnn.com/sitemaps/article-2023-11.xml,2023-11-17T14:47:55Z
7,https://www.cnn.com/sitemaps/profile-2023-11.xml,2023-11-10T09:52:04Z
8,https://www.cnn.com/sitemaps/gallery-2023-10.xml,2023-10-31T13:02:03Z
9,https://www.cnn.com/sitemaps/show-2023-10.xml,2023-10-31T01:24:38Z
10,https://edition.cnn.com/sitemaps/gallery-2023-10.xml,2023-10-30T03:12:22Z
11,https://www.cnn.com/sitemaps/special-2023-10.xml,2023-10-26T15:17:57Z
12,https://www.cnn.com/sitemaps/profile-2023-10.xml,2023-10-26T08:12:43Z
13,https://edition.cnn.com/sitemaps/article-2023-10.xml,2023-10-25T14:34:00Z
14,https://www.cnn.com/sitemaps/article-2023-10.xml,2023-10-12T17:11:31Z
15,https://www.cnn.com/sitemaps/video-2023-10.xml,2023-10-06T10:33:45Z
16,https://edition.cnn.com/sitemaps/gallery-2023-09.xml,2023-09-30T23:43:36Z
17,https://edition.cnn.com/sitemaps/article-2023-09.xml,2023-09-30T21:28:40Z
18,https://www.cnn.com/sitemaps/show-2023-09.xml,2023-09-30T15:11:49Z
19,https://www.cnn.com/sitemaps/gallery-2023-09.xml,2023-09-30T10:28:07Z
20,https://www.cnn.com/sitemaps/profile-2023-09.xml,2023-09-29T19:25:18Z
21,https://www.cnn.com/sitemaps/article-2023-09.xml,2023-09-29T10:37:00Z
22,https://www.cnn.com/sitemaps/special-2023-09.xml,2023-09-28T20:25:46Z
23,https://www.cnn.com/sitemaps/video-2023-09.xml,2023-09-07T01:42:01Z
24,https://edition.cnn.com/sitemaps/article-2023-08.xml,2023-08-31T23:15:42Z
25,https://www.cnn.com/sitemaps/show-2023-08.xml,2023-08-31T23:12:29Z
26,https://www.cnn.com/sitemaps/profile-2023-08.xml,2023-08-31T21:40:08Z
27,https://www.cnn.com/sitemaps/gallery-2023-08.xml,2023-08-31T18:24:15Z
28,https://www.cnn.com/sitemaps/special-2023-08.xml,2023-08-31T03:07:36Z
29,https://edition.cnn.com/sitemaps/gallery-2023-08.xml,2023-08-28T14:22:26Z
30,https://www.cnn.com/sitemaps/video-2023-08.xml,2023-08-18T12:14:24Z
31,https://www.cnn.com/sitemaps/article-2023-08.xml,2023-08-04T11:19:19Z
32,https://www.cnn.com/sitemaps/gallery-2023-07.xml,2023-07-31T22:11:18Z
33,https://www.cnn.com/sitemaps/profile-2023-07.xml,2023-07-31T19:57:39Z
34,https://edition.cnn.com/sitemaps/gallery-2023-07.xml,2023-07-31T17:03:22Z
35,https://www.cnn.com/sitemaps/show-2023-07.xml,2023-07-31T11:46:49Z
36,https://edition.cnn.com/sitemaps/article-2023-07.xml,2023-07-30T00:10:16Z
37,https://www.cnn.com/sitemaps/article-2023-07.xml,2023-07-27T16:45:29Z
38,https://www.cnn.com/sitemaps/video-2023-07.xml,2023-07-27T16:37:05Z
39,https://www.cnn.com/sitemaps/special-2023-07.xml,2023-07-26T16:49:58Z
40,https://edition.cnn.com/sitemaps/article-2023-06.xml,2023-06-30T23:53:52Z
41,https://www.cnn.com/sitemaps/show-2023-06.xml,2023-06-30T22:41:14Z
42,https://www.cnn.com/sitemaps/profile-2023-06.xml,2023-06-30T17:49:08Z
43,https://edition.cnn.com/sitemaps/gallery-2023-06.xml,2023-06-30T09:55:20Z
44,https://www.cnn.com/sitemaps/special-2023-06.xml,2023-06-21T20:20:35Z
45,https://www.cnn.com/sitemaps/video-2023-06.xml,2023-06-15T20:28:42Z
46,https://www.cnn.com/sitemaps/article-2023-06.xml,2023-06-14T23:47:59Z
47,https://www.cnn.com/sitemaps/gallery-2023-06.xml,2023-06-12T07:40:38Z
48,https://edition.cnn.com/sitemaps/article-2023-05.xml,2023-05-31T23:30:51Z
49,https://www.cnn.com/sitemaps/show-2023-05.xml,2023-05-31T23:20:54Z
50,https://www.cnn.com/sitemaps/profile-2023-05.xml,2023-05-31T17:33:54Z
51,https://www.cnn.com/sitemaps/special-2023-05.xml,2023-05-31T16:02:07Z
52,https://www.cnn.com/sitemaps/gallery-2023-05.xml,2023-05-31T12:25:56Z
53,https://edition.cnn.com/sitemaps/gallery-2023-05.xml,2023-05-19T22:54:40Z
54,https://www.cnn.com/sitemaps/article-2023-05.xml,2023-05-17T15:40:46Z
55,https://www.cnn.com/sitemaps/video-2023-05.xml,2023-05-11T20:16:05Z
56,https://edition.cnn.com/sitemaps/article-2023-04.xml,2023-04-30T23:03:54Z
57,https://www.cnn.com/sitemaps/show-2023-04.xml,2023-04-30T16:47:41Z
58,https://www.cnn.com/sitemaps/special-2023-04.xml,2023-04-28T17:36:43Z
59,https://www.cnn.com/sitemaps/profile-2023-04.xml,2023-04-27T22:00:36Z
60,https://edition.cnn.com/sitemaps/gallery-2023-04.xml,2023-04-26T21:15:21Z
61,https://www.cnn.com/sitemaps/article-2023-04.xml,2023-04-20T19:16:42Z
62,https://www.cnn.com/sitemaps/gallery-2023-04.xml,2023-04-17T17:06:57Z
63,https://www.cnn.com/sitemaps/video-2023-04.xml,2023-04-13T21:28:54Z
64,https://edition.cnn.com/sitemaps/article-2023-03.xml,2023-03-31T23:59:05Z
65,https://www.cnn.com/sitemaps/show-2023-03.xml,2023-03-31T22:20:44Z
66,https://www.cnn.com/sitemaps/profile-2023-03.xml,2023-03-31T13:51:22Z
67,https://www.cnn.com/sitemaps/special-2023-03.xml,2023-03-31T11:12:24Z
68,https://www.cnn.com/sitemaps/article-2023-03.xml,2023-03-24T15:32:42Z
69,https://www.cnn.com/sitemaps/video-2023-03.xml,2023-03-10T00:28:36Z
70,https://edition.cnn.com/sitemaps/gallery-2023-03.xml,2023-03-09T14:18:01Z
71,https://www.cnn.com/sitemaps/gallery-2023-03.xml,2023-03-04T22:17:14Z
72,https://www.cnn.com/sitemaps/special-2023-02.xml,2023-02-28T22:57:17Z
73,https://www.cnn.com/sitemaps/profile-2023-02.xml,2023-02-28T21:05:04Z
74,https://www.cnn.com/sitemaps/gallery-2023-02.xml,2023-02-28T13:20:02Z
75,https://www.cnn.com/sitemaps/show-2023-02.xml,2023-02-28T12:56:24Z
76,https://edition.cnn.com/sitemaps/gallery-2023-02.xml,2023-02-28T09:35:19Z
77,https://www.cnn.com/sitemaps/article-2023-02.xml,2023-02-24T16:59:53Z
78,https://edition.cnn.com/sitemaps/special-2023-02.xml,2023-02-20T10:30:11Z
79,https://www.cnn.com/sitemaps/video-2023-02.xml,2023-02-14T11:04:42Z
80,https://edition.cnn.com/sitemaps/article-2023-02.xml,2023-02-08T16:23:59Z
81,https://www.cnn.com/sitemaps/special-2023-01.xml,2023-01-31T22:29:51Z
82,https://www.cnn.com/sitemaps/profile-2023-01.xml,2023-01-31T21:06:20Z
83,https://www.cnn.com/sitemaps/gallery-2023-01.xml,2023-01-31T13:57:32Z
84,https://www.cnn.com/sitemaps/show-2023-01.xml,2023-01-31T11:35:38Z
85,https://edition.cnn.com/sitemaps/gallery-2023-01.xml,2023-01-30T07:30:18Z
86,https://www.cnn.com/sitemaps/article-2023-01.xml,2023-01-27T18:01:13Z
87,https://edition.cnn.com/sitemaps/special-2023-01.xml,2023-01-26T03:17:13Z
88,https://edition.cnn.com/sitemaps/article-2023-01.xml,2023-01-25T17:13:14Z
89,https://www.cnn.com/sitemaps/video-2023-01.xml,2023-01-13T06:25:19Z
90,https://edition.cnn.com/sitemaps/article-2022-12.xml,2022-12-31T23:03:17Z
91,https://www.cnn.com/sitemaps/gallery-2022-12.xml,2022-12-31T22:46:08Z
92,https://www.cnn.com/sitemaps/special-2022-12.xml,2022-12-31T20:43:25Z
93,https://edition.cnn.com/sitemaps/gallery-2022-12.xml,2022-12-31T13:47:40Z
94,https://www.cnn.com/sitemaps/show-2022-12.xml,2022-12-30T23:07:26Z
95,https://www.cnn.com/sitemaps/profile-2022-12.xml,2022-12-29T11:03:39Z
96,https://edition.cnn.com/sitemaps/special-2022-12.xml,2022-12-23T08:39:55Z
97,https://www.cnn.com/sitemaps/article-2022-12.xml,2022-12-12T12:28:36Z
98,https://www.cnn.com/sitemaps/video-2022-12.xml,2022-12-01T01:19:24Z
99,https://www.cnn.com/sitemaps/show-2022-11.xml,2022-11-30T23:09:25Z
100,https://www.cnn.com/sitemaps/gallery-2022-11.xml,2022-11-30T23:07:10Z
101,https://www.cnn.com/sitemaps/special-2022-11.xml,2022-11-30T22:56:33Z
102,https://www.cnn.com/sitemaps/profile-2022-11.xml,2022-11-30T22:44:17Z
103,https://edition.cnn.com/sitemaps/gallery-2022-11.xml,2022-11-30T21:12:28Z
104,https://edition.cnn.com/sitemaps/special-2022-11.xml,2022-11-29T11:22:50Z
105,https://edition.cnn.com/sitemaps/article-2022-11.xml,2022-11-28T05:14:23Z
106,https://www.cnn.com/sitemaps/article-2022-11.xml,2022-11-21T10:45:39Z
107,https://www.cnn.com/sitemaps/video-2022-11.xml,2022-11-19T23:53:56Z
108,https://edition.cnn.com/sitemaps/article-2022-10.xml,2022-10-31T23:26:20Z
109,https://www.cnn.com/sitemaps/special-2022-10.xml,2022-10-31T22:40:27Z
110,https://www.cnn.com/sitemaps/show-2022-10.xml,2022-10-31T22:21:12Z
111,https://www.cnn.com/sitemaps/gallery-2022-10.xml,2022-10-31T20:37:00Z
112,https://www.cnn.com/sitemaps/profile-2022-10.xml,2022-10-31T18:36:38Z
113,https://edition.cnn.com/sitemaps/gallery-2022-10.xml,2022-10-31T11:41:29Z
114,https://edition.cnn.com/sitemaps/special-2022-10.xml,2022-10-24T03:17:15Z
115,https://www.cnn.com/sitemaps/video-2022-10.xml,2022-10-20T09:12:30Z
116,https://www.cnn.com/sitemaps/article-2022-10.xml,2022-10-09T08:08:29Z
117,https://www.cnn.com/sitemaps/show-2022-09.xml,2022-09-30T23:00:49Z
118,https://www.cnn.com/sitemaps/gallery-2022-09.xml,2022-09-30T22:03:15Z
119,https://www.cnn.com/sitemaps/special-2022-09.xml,2022-09-30T19:26:22Z
120,https://edition.cnn.com/sitemaps/article-2022-09.xml,2022-09-30T18:02:40Z
121,https://edition.cnn.com/sitemaps/special-2022-09.xml,2022-09-30T03:34:13Z
122,https://edition.cnn.com/sitemaps/gallery-2022-09.xml,2022-09-26T16:41:36Z
123,https://www.cnn.com/sitemaps/article-2022-09.xml,2022-09-21T18:46:51Z
124,https://www.cnn.com/sitemaps/profile-2022-09.xml,2022-09-13T18:11:15Z
125,https://edition.cnn.com/sitemaps/video-2022-09.xml,2022-09-09T21:15:21Z
126,https://www.cnn.com/sitemaps/video-2022-09.xml,2022-09-06T18:07:14Z
127,https://www.cnn.com/sitemaps/show-2022-08.xml,2022-08-31T22:30:04Z
128,https://www.cnn.com/sitemaps/special-2022-08.xml,2022-08-31T21:10:05Z
129,https://www.cnn.com/sitemaps/profile-2022-08.xml,2022-08-31T19:51:24Z
130,https://www.cnn.com/sitemaps/gallery-2022-08.xml,2022-08-31T19:15:24Z
131,https://edition.cnn.com/sitemaps/special-2022-08.xml,2022-08-31T19:14:59Z
132,https://edition.cnn.com/sitemaps/article-2022-08.xml,2022-08-31T04:56:47Z
133,https://edition.cnn.com/sitemaps/gallery-2022-08.xml,2022-08-31T01:31:26Z
134,https://www.cnn.com/sitemaps/article-2022-08.xml,2022-08-08T15:52:20Z
135,https://www.cnn.com/sitemaps/video-2022-08.xml,2022-08-04T20:39:11Z
136,https://edition.cnn.com/sitemaps/gallery-2022-07.xml,2022-07-31T21:58:20Z
137,https://www.cnn.com/sitemaps/show-2022-07.xml,2022-07-31T19:46:48Z
138,https://www.cnn.com/sitemaps/profile-2022-07.xml,2022-07-31T07:22:49Z
139,https://www.cnn.com/sitemaps/special-2022-07.xml,2022-07-30T16:57:12Z
140,https://edition.cnn.com/sitemaps/special-2022-07.xml,2022-07-29T03:18:52Z
141,https://www.cnn.com/sitemaps/video-2022-07.xml,2022-07-25T21:56:42Z
142,https://www.cnn.com/sitemaps/gallery-2022-07.xml,2022-07-22T04:05:59Z
143,https://www.cnn.com/sitemaps/article-2022-07.xml,2022-07-05T22:31:22Z
144,https://edition.cnn.com/sitemaps/article-2022-07.xml,2022-07-04T15:12:36Z
145,https://www.cnn.com/sitemaps/special-2022-06.xml,2022-06-30T23:49:59Z
146,https://www.cnn.com/sitemaps/gallery-2022-06.xml,2022-06-30T23:48:13Z
147,https://www.cnn.com/sitemaps/show-2022-06.xml,2022-06-30T23:06:59Z
148,https://www.cnn.com/sitemaps/profile-2022-06.xml,2022-06-30T11:50:25Z
149,https://edition.cnn.com/sitemaps/special-2022-06.xml,2022-06-28T03:01:31Z
150,https://edition.cnn.com/sitemaps/article-2022-06.xml,2022-06-21T13:32:45Z
151,https://www.cnn.com/sitemaps/video-2022-06.xml,2022-06-20T23:48:32Z
152,https://edition.cnn.com/sitemaps/gallery-2022-06.xml,2022-06-07T18:59:30Z
153,https://www.cnn.com/sitemaps/article-2022-06.xml,2022-06-01T07:05:36Z
154,https://www.cnn.com/sitemaps/show-2022-05.xml,2022-05-31T23:31:33Z
155,https://www.cnn.com/sitemaps/special-2022-05.xml,2022-05-31T19:19:36Z
156,https://www.cnn.com/sitemaps/profile-2022-05.xml,2022-05-31T18:11:56Z
157,https://edition.cnn.com/sitemaps/gallery-2022-05.xml,2022-05-31T15:05:47Z
158,https://www.cnn.com/sitemaps/article-2022-05.xml,2022-05-30T13:44:32Z
159,https://edition.cnn.com/sitemaps/special-2022-05.xml,2022-05-30T12:56:51Z
160,https://www.cnn.com/sitemaps/gallery-2022-05.xml,2022-05-27T17:26:13Z
161,https://www.cnn.com/sitemaps/video-2022-05.xml,2022-05-20T18:24:00Z
162,https://edition.cnn.com/sitemaps/article-2022-05.xml,2022-05-10T20:25:35Z
163,https://www.cnn.com/sitemaps/gallery-2022-04.xml,2022-04-30T21:09:21Z
164,https://www.cnn.com/sitemaps/profile-2022-04.xml,2022-04-30T15:37:09Z
165,https://www.cnn.com/sitemaps/special-2022-04.xml,2022-04-30T15:30:25Z
166,https://edition.cnn.com/sitemaps/special-2022-04.xml,2022-04-30T14:40:08Z
167,https://www.cnn.com/sitemaps/show-2022-04.xml,2022-04-30T14:24:04Z
168,https://edition.cnn.com/sitemaps/article-2022-04.xml,2022-04-27T13:21:56Z
169,https://edition.cnn.com/sitemaps/gallery-2022-04.xml,2022-04-26T16:02:57Z
170,https://www.cnn.com/sitemaps/video-2022-04.xml,2022-04-15T16:15:04Z
171,https://www.cnn.com/sitemaps/article-2022-04.xml,2022-04-13T18:11:23Z
172,https://www.cnn.com/sitemaps/special-2022-03.xml,2022-03-31T23:57:36Z
173,https://www.cnn.com/sitemaps/show-2022-03.xml,2022-03-31T23:00:23Z
174,https://www.cnn.com/sitemaps/profile-2022-03.xml,2022-03-31T20:24:22Z
175,https://www.cnn.com/sitemaps/video-2022-03.xml,2022-03-28T17:23:30Z
176,https://edition.cnn.com/sitemaps/article-2022-03.xml,2022-03-28T14:06:48Z
177,https://www.cnn.com/sitemaps/gallery-2022-03.xml,2022-03-24T20:15:27Z
178,https://edition.cnn.com/sitemaps/gallery-2022-03.xml,2022-03-23T14:24:55Z
179,https://www.cnn.com/sitemaps/article-2022-03.xml,2022-03-21T19:34:28Z
180,https://edition.cnn.com/sitemaps/special-2022-03.xml,2022-03-17T02:15:14Z
181,https://www.cnn.com/sitemaps/special-2022-02.xml,2022-02-28T23:38:43Z
182,https://www.cnn.com/sitemaps/profile-2022-02.xml,2022-02-28T17:27:45Z
183,https://edition.cnn.com/sitemaps/gallery-2022-02.xml,2022-02-28T16:44:04Z
184,https://edition.cnn.com/sitemaps/special-2022-02.xml,2022-02-28T14:08:27Z
185,https://www.cnn.com/sitemaps/show-2022-02.xml,2022-02-27T20:40:31Z
186,https://edition.cnn.com/sitemaps/article-2022-02.xml,2022-02-20T13:26:07Z
187,https://www.cnn.com/sitemaps/gallery-2022-02.xml,2022-02-18T04:54:28Z
188,https://www.cnn.com/sitemaps/video-2022-02.xml,2022-02-07T15:25:27Z
189,https://www.cnn.com/sitemaps/article-2022-02.xml,2022-02-06T08:01:30Z
190,https://www.cnn.com/sitemaps/special-2022-01.xml,2022-01-31T23:37:45Z
191,https://www.cnn.com/sitemaps/show-2022-01.xml,2022-01-31T21:33:24Z
192,https://www.cnn.com/sitemaps/profile-2022-01.xml,2022-01-31T19:09:55Z
193,https://edition.cnn.com/sitemaps/special-2022-01.xml,2022-01-31T09:58:12Z
194,https://edition.cnn.com/sitemaps/article-2022-01.xml,2022-01-31T03:29:01Z
195,https://www.cnn.com/sitemaps/article-2022-01.xml,2022-01-27T18:26:01Z
196,https://edition.cnn.com/sitemaps/gallery-2022-01.xml,2022-01-27T00:35:37Z
197,https://edition.cnn.com/sitemaps/video-2022-01.xml,2022-01-26T02:17:05Z
198,https://www.cnn.com/sitemaps/video-2022-01.xml,2022-01-19T02:06:10Z
199,https://www.cnn.com/sitemaps/gallery-2022-01.xml,2022-01-09T21:36:29Z
200,https://www.cnn.com/sitemaps/gallery-2021-12.xml,2021-12-31T23:41:02Z
201,https://www.cnn.com/sitemaps/show-2021-12.xml,2021-12-31T23:03:09Z
202,https://www.cnn.com/sitemaps/special-2021-12.xml,2021-12-31T19:30:43Z
203,https://edition.cnn.com/sitemaps/special-2021-12.xml,2021-12-31T03:36:44Z
204,https://www.cnn.com/sitemaps/profile-2021-12.xml,2021-12-30T09:57:55Z
205,https://edition.cnn.com/sitemaps/gallery-2021-12.xml,2021-12-29T09:53:56Z
206,https://edition.cnn.com/sitemaps/article-2021-12.xml,2021-12-25T16:16:07Z
207,https://www.cnn.com/sitemaps/video-2021-12.xml,2021-12-22T00:58:43Z
208,https://www.cnn.com/sitemaps/article-2021-12.xml,2021-12-12T03:33:06Z
209,https://edition.cnn.com/sitemaps/video-2021-12.xml,2021-12-02T21:37:33Z
210,https://edition.cnn.com/sitemaps/article-2021-11.xml,2021-11-30T23:23:08Z
211,https://www.cnn.com/sitemaps/special-2021-11.xml,2021-11-30T22:34:23Z
212,https://www.cnn.com/sitemaps/profile-2021-11.xml,2021-11-30T22:18:06Z
213,https://edition.cnn.com/sitemaps/gallery-2021-11.xml,2021-11-30T16:58:43Z
214,https://www.cnn.com/sitemaps/show-2021-11.xml,2021-11-30T14:53:32Z
215,https://edition.cnn.com/sitemaps/special-2021-11.xml,2021-11-30T03:00:20Z
216,https://www.cnn.com/sitemaps/gallery-2021-11.xml,2021-11-26T10:14:55Z
217,https://www.cnn.com/sitemaps/video-2021-11.xml,2021-11-09T18:09:38Z
218,https://www.cnn.com/sitemaps/article-2021-11.xml,2021-11-08T02:16:41Z
219,https://edition.cnn.com/sitemaps/gallery-2021-10.xml,2021-10-31T23:33:12Z
220,https://www.cnn.com/sitemaps/show-2021-10.xml,2021-10-31T16:45:08Z
221,https://www.cnn.com/sitemaps/special-2021-10.xml,2021-10-30T20:49:56Z
222,https://www.cnn.com/sitemaps/gallery-2021-10.xml,2021-10-30T12:44:16Z
223,https://www.cnn.com/sitemaps/profile-2021-10.xml,2021-10-29T17:58:38Z
224,https://edition.cnn.com/sitemaps/article-2021-10.xml,2021-10-20T12:25:11Z
225,https://edition.cnn.com/sitemaps/special-2021-10.xml,2021-10-20T10:23:28Z
226,https://www.cnn.com/sitemaps/article-2021-10.xml,2021-10-09T08:02:05Z
227,https://www.cnn.com/sitemaps/video-2021-10.xml,2021-10-05T17:27:49Z
228,https://www.cnn.com/sitemaps/special-2021-09.xml,2021-09-30T23:27:11Z
229,https://www.cnn.com/sitemaps/show-2021-09.xml,2021-09-30T23:14:20Z
230,https://www.cnn.com/sitemaps/profile-2021-09.xml,2021-09-30T21:32:23Z
231,https://www.cnn.com/sitemaps/gallery-2021-09.xml,2021-09-30T14:59:55Z
232,https://www.cnn.com/sitemaps/video-2021-09.xml,2021-09-28T23:43:08Z
233,https://edition.cnn.com/sitemaps/gallery-2021-09.xml,2021-09-28T16:59:52Z
234,https://edition.cnn.com/sitemaps/article-2021-09.xml,2021-09-24T09:33:26Z
235,https://www.cnn.com/sitemaps/article-2021-09.xml,2021-09-10T14:53:52Z
236,https://edition.cnn.com/sitemaps/special-2021-09.xml,2021-09-07T07:53:49Z
237,https://www.cnn.com/sitemaps/show-2021-08.xml,2021-08-31T23:37:45Z
238,https://www.cnn.com/sitemaps/special-2021-08.xml,2021-08-31T23:25:26Z
239,https://www.cnn.com/sitemaps/gallery-2021-08.xml,2021-08-31T23:01:16Z
240,https://edition.cnn.com/sitemaps/article-2021-08.xml,2021-08-31T18:17:20Z
241,https://www.cnn.com/sitemaps/profile-2021-08.xml,2021-08-31T14:18:23Z
242,https://edition.cnn.com/sitemaps/video-2021-08.xml,2021-08-31T00:03:35Z
243,https://edition.cnn.com/sitemaps/gallery-2021-08.xml,2021-08-30T23:15:08Z
244,https://edition.cnn.com/sitemaps/special-2021-08.xml,2021-08-25T10:31:49Z
245,https://www.cnn.com/sitemaps/article-2021-08.xml,2021-08-24T10:35:53Z
246,https://www.cnn.com/sitemaps/video-2021-08.xml,2021-08-14T12:41:51Z
247,https://edition.cnn.com/sitemaps/article-2021-07.xml,2021-07-31T23:18:41Z
248,https://edition.cnn.com/sitemaps/gallery-2021-07.xml,2021-07-31T15:21:01Z
249,https://www.cnn.com/sitemaps/profile-2021-07.xml,2021-07-31T13:26:51Z
250,https://www.cnn.com/sitemaps/gallery-2021-07.xml,2021-07-31T08:27:50Z
251,https://www.cnn.com/sitemaps/special-2021-07.xml,2021-07-30T23:42:43Z
252,https://www.cnn.com/sitemaps/show-2021-07.xml,2021-07-30T23:27:58Z
253,https://www.cnn.com/sitemaps/video-2021-07.xml,2021-07-17T20:08:08Z
254,https://www.cnn.com/sitemaps/article-2021-07.xml,2021-07-08T00:57:16Z
255,https://www.cnn.com/sitemaps/special-2021-06.xml,2021-06-30T23:50:26Z
256,https://www.cnn.com/sitemaps/show-2021-06.xml,2021-06-30T23:28:35Z
257,https://www.cnn.com/sitemaps/profile-2021-06.xml,2021-06-30T18:11:35Z
258,https://edition.cnn.com/sitemaps/special-2021-06.xml,2021-06-25T14:29:42Z
259,https://www.cnn.com/sitemaps/gallery-2021-06.xml,2021-06-25T00:19:22Z
260,https://edition.cnn.com/sitemaps/article-2021-06.xml,2021-06-23T11:38:19Z
261,https://edition.cnn.com/sitemaps/gallery-2021-06.xml,2021-06-14T16:50:44Z
262,https://www.cnn.com/sitemaps/video-2021-06.xml,2021-06-12T13:08:12Z
263,https://www.cnn.com/sitemaps/article-2021-06.xml,2021-06-02T03:34:21Z
264,https://edition.cnn.com/sitemaps/article-2021-05.xml,2021-05-31T23:53:39Z
265,https://www.cnn.com/sitemaps/special-2021-05.xml,2021-05-31T23:27:33Z
266,https://www.cnn.com/sitemaps/show-2021-05.xml,2021-05-31T22:16:20Z
267,https://www.cnn.com/sitemaps/profile-2021-05.xml,2021-05-31T17:45:38Z
268,https://www.cnn.com/sitemaps/article-2021-05.xml,2021-05-29T05:00:27Z
269,https://www.cnn.com/sitemaps/gallery-2021-05.xml,2021-05-27T05:55:28Z
270,https://edition.cnn.com/sitemaps/special-2021-05.xml,2021-05-24T15:21:30Z
271,https://edition.cnn.com/sitemaps/gallery-2021-05.xml,2021-05-24T00:35:50Z
272,https://www.cnn.com/sitemaps/video-2021-05.xml,2021-05-11T17:56:36Z
273,https://www.cnn.com/sitemaps/special-2021-04.xml,2021-04-30T23:45:07Z
274,https://www.cnn.com/sitemaps/show-2021-04.xml,2021-04-30T22:46:24Z
275,https://www.cnn.com/sitemaps/profile-2021-04.xml,2021-04-30T20:03:54Z
276,https://edition.cnn.com/sitemaps/article-2021-04.xml,2021-04-30T18:52:50Z
277,https://edition.cnn.com/sitemaps/gallery-2021-04.xml,2021-04-30T10:40:06Z
278,https://edition.cnn.com/sitemaps/special-2021-04.xml,2021-04-28T11:11:11Z
279,https://www.cnn.com/sitemaps/video-2021-04.xml,2021-04-20T20:31:26Z
280,https://www.cnn.com/sitemaps/gallery-2021-04.xml,2021-04-16T07:00:34Z
281,https://www.cnn.com/sitemaps/article-2021-04.xml,2021-04-06T20:15:59Z
282,https://www.cnn.com/sitemaps/special-2021-03.xml,2021-03-31T23:39:15Z
283,https://edition.cnn.com/sitemaps/article-2021-03.xml,2021-03-31T23:02:11Z
284,https://www.cnn.com/sitemaps/show-2021-03.xml,2021-03-31T21:37:25Z
285,https://www.cnn.com/sitemaps/gallery-2021-03.xml,2021-03-31T17:22:56Z
286,https://www.cnn.com/sitemaps/profile-2021-03.xml,2021-03-31T11:02:34Z
287,https://edition.cnn.com/sitemaps/special-2021-03.xml,2021-03-26T14:31:57Z
288,https://www.cnn.com/sitemaps/article-2021-03.xml,2021-03-20T03:01:50Z
289,https://edition.cnn.com/sitemaps/gallery-2021-03.xml,2021-03-12T18:30:32Z
290,https://www.cnn.com/sitemaps/video-2021-03.xml,2021-03-04T12:14:21Z
291,https://www.cnn.com/sitemaps/show-2021-02.xml,2021-02-28T19:33:34Z
292,https://www.cnn.com/sitemaps/special-2021-02.xml,2021-02-28T18:39:32Z
293,https://www.cnn.com/sitemaps/gallery-2021-02.xml,2021-02-28T09:47:39Z
294,https://www.cnn.com/sitemaps/profile-2021-02.xml,2021-02-27T04:51:04Z
295,https://edition.cnn.com/sitemaps/article-2021-02.xml,2021-02-25T14:23:16Z
296,https://edition.cnn.com/sitemaps/gallery-2021-02.xml,2021-02-24T03:17:37Z
297,https://www.cnn.com/sitemaps/video-2021-02.xml,2021-02-19T11:32:39Z
298,https://edition.cnn.com/sitemaps/special-2021-02.xml,2021-02-09T12:20:13Z
299,https://www.cnn.com/sitemaps/article-2021-02.xml,2021-02-08T01:11:50Z
300,https://edition.cnn.com/sitemaps/article-2021-01.xml,2021-01-31T22:49:40Z
301,https://www.cnn.com/sitemaps/show-2021-01.xml,2021-01-31T20:08:07Z
302,https://www.cnn.com/sitemaps/special-2021-01.xml,2021-01-31T16:07:21Z
303,https://www.cnn.com/sitemaps/profile-2021-01.xml,2021-01-29T18:04:21Z
304,https://edition.cnn.com/sitemaps/gallery-2021-01.xml,2021-01-25T19:39:52Z
305,https://edition.cnn.com/sitemaps/video-2021-01.xml,2021-01-23T20:17:19Z
306,https://www.cnn.com/sitemaps/video-2021-01.xml,2021-01-13T13:59:11Z
307,https://www.cnn.com/sitemaps/article-2021-01.xml,2021-01-12T18:28:15Z
308,https://www.cnn.com/sitemaps/gallery-2021-01.xml,2021-01-09T02:35:29Z
309,https://www.cnn.com/sitemaps/special-2020-12.xml,2020-12-31T23:03:47Z
310,https://www.cnn.com/sitemaps/show-2020-12.xml,2020-12-31T22:39:55Z
311,https://www.cnn.com/sitemaps/gallery-2020-12.xml,2020-12-31T10:03:51Z
312,https://www.cnn.com/sitemaps/article-2020-12.xml,2020-12-30T21:46:23Z
313,https://www.cnn.com/sitemaps/profile-2020-12.xml,2020-12-30T10:47:01Z
314,https://edition.cnn.com/sitemaps/gallery-2020-12.xml,2020-12-10T08:19:02Z
315,https://www.cnn.com/sitemaps/video-2020-12.xml,2020-12-05T16:05:25Z
316,https://edition.cnn.com/sitemaps/article-2020-12.xml,2020-12-03T15:07:00Z
317,https://www.cnn.com/sitemaps/profile-2020-11.xml,2020-11-30T23:22:29Z
318,https://www.cnn.com/sitemaps/show-2020-11.xml,2020-11-30T22:32:49Z
319,https://www.cnn.com/sitemaps/special-2020-11.xml,2020-11-30T21:50:29Z
320,https://edition.cnn.com/sitemaps/article-2020-11.xml,2020-11-30T19:47:36Z
321,https://www.cnn.com/sitemaps/video-2020-11.xml,2020-11-27T11:49:45Z
322,https://edition.cnn.com/sitemaps/gallery-2020-11.xml,2020-11-26T04:27:19Z
323,https://www.cnn.com/sitemaps/gallery-2020-11.xml,2020-11-08T03:29:51Z
324,https://www.cnn.com/sitemaps/article-2020-11.xml,2020-11-04T19:00:56Z
325,https://www.cnn.com/sitemaps/special-2020-10.xml,2020-10-31T19:22:08Z
326,https://edition.cnn.com/sitemaps/gallery-2020-10.xml,2020-10-31T18:53:07Z
327,https://www.cnn.com/sitemaps/gallery-2020-10.xml,2020-10-31T15:52:31Z
328,https://www.cnn.com/sitemaps/show-2020-10.xml,2020-10-31T15:01:30Z
329,https://www.cnn.com/sitemaps/profile-2020-10.xml,2020-10-30T22:07:38Z
330,https://edition.cnn.com/sitemaps/special-2020-10.xml,2020-10-30T14:50:58Z
331,https://www.cnn.com/sitemaps/video-2020-10.xml,2020-10-21T23:24:48Z
332,https://www.cnn.com/sitemaps/article-2020-10.xml,2020-10-16T17:17:59Z
333,https://edition.cnn.com/sitemaps/article-2020-10.xml,2020-10-09T14:15:59Z
334,https://edition.cnn.com/sitemaps/article-2020-09.xml,2020-09-30T23:00:17Z
335,https://www.cnn.com/sitemaps/show-2020-09.xml,2020-09-30T21:41:06Z
336,https://www.cnn.com/sitemaps/special-2020-09.xml,2020-09-30T20:47:30Z
337,https://www.cnn.com/sitemaps/profile-2020-09.xml,2020-09-29T22:02:05Z
338,https://www.cnn.com/sitemaps/gallery-2020-09.xml,2020-09-28T17:52:47Z
339,https://www.cnn.com/sitemaps/article-2020-09.xml,2020-09-28T05:50:40Z
340,https://edition.cnn.com/sitemaps/special-2020-09.xml,2020-09-24T10:27:49Z
341,https://edition.cnn.com/sitemaps/gallery-2020-09.xml,2020-09-11T23:34:05Z
342,https://www.cnn.com/sitemaps/video-2020-09.xml,2020-09-02T20:19:21Z
343,https://www.cnn.com/sitemaps/special-2020-08.xml,2020-08-31T22:58:17Z
344,https://www.cnn.com/sitemaps/show-2020-08.xml,2020-08-31T21:31:06Z
345,https://www.cnn.com/sitemaps/gallery-2020-08.xml,2020-08-31T19:36:57Z
346,https://www.cnn.com/sitemaps/profile-2020-08.xml,2020-08-31T17:39:54Z
347,https://edition.cnn.com/sitemaps/article-2020-08.xml,2020-08-28T11:35:40Z
348,https://www.cnn.com/sitemaps/video-2020-08.xml,2020-08-24T01:43:05Z
349,https://edition.cnn.com/sitemaps/gallery-2020-08.xml,2020-08-17T13:29:59Z
350,https://edition.cnn.com/sitemaps/special-2020-08.xml,2020-08-12T14:42:09Z
351,https://www.cnn.com/sitemaps/article-2020-08.xml,2020-08-06T13:22:45Z
352,https://www.cnn.com/sitemaps/show-2020-07.xml,2020-07-31T21:31:54Z
353,https://www.cnn.com/sitemaps/special-2020-07.xml,2020-07-31T20:45:22Z
354,https://edition.cnn.com/sitemaps/article-2020-07.xml,2020-07-31T17:45:04Z
355,https://www.cnn.com/sitemaps/profile-2020-07.xml,2020-07-31T17:07:58Z
356,https://edition.cnn.com/sitemaps/special-2020-07.xml,2020-07-31T16:44:19Z
357,https://www.cnn.com/sitemaps/video-2020-07.xml,2020-07-30T16:48:30Z
358,https://www.cnn.com/sitemaps/article-2020-07.xml,2020-07-28T18:45:31Z
359,https://edition.cnn.com/sitemaps/gallery-2020-07.xml,2020-07-24T18:56:30Z
360,https://www.cnn.com/sitemaps/gallery-2020-07.xml,2020-07-10T01:35:47Z
361,https://edition.cnn.com/sitemaps/video-2020-07.xml,2020-07-06T20:39:50Z
362,https://www.cnn.com/sitemaps/special-2020-06.xml,2020-06-30T22:24:07Z
363,https://www.cnn.com/sitemaps/show-2020-06.xml,2020-06-30T21:56:23Z
364,https://edition.cnn.com/sitemaps/article-2020-06.xml,2020-06-30T21:03:22Z
365,https://www.cnn.com/sitemaps/profile-2020-06.xml,2020-06-30T19:41:59Z
366,https://edition.cnn.com/sitemaps/special-2020-06.xml,2020-06-30T13:53:17Z
367,https://www.cnn.com/sitemaps/article-2020-06.xml,2020-06-29T07:19:05Z
368,https://www.cnn.com/sitemaps/gallery-2020-06.xml,2020-06-19T17:48:36Z
369,https://www.cnn.com/sitemaps/video-2020-06.xml,2020-06-16T19:40:04Z
370,https://edition.cnn.com/sitemaps/gallery-2020-06.xml,2020-06-09T17:02:36Z
371,https://www.cnn.com/sitemaps/special-2020-05.xml,2020-05-31T23:10:48Z
372,https://www.cnn.com/sitemaps/show-2020-05.xml,2020-05-31T17:09:35Z
373,https://www.cnn.com/sitemaps/gallery-2020-05.xml,2020-05-30T22:43:41Z
374,https://www.cnn.com/sitemaps/profile-2020-05.xml,2020-05-30T13:15:18Z
375,https://edition.cnn.com/sitemaps/special-2020-05.xml,2020-05-29T14:46:59Z
376,https://edition.cnn.com/sitemaps/gallery-2020-05.xml,2020-05-22T23:06:32Z
377,https://edition.cnn.com/sitemaps/article-2020-05.xml,2020-05-14T08:36:05Z
378,https://www.cnn.com/sitemaps/article-2020-05.xml,2020-05-08T11:52:06Z
379,https://www.cnn.com/sitemaps/video-2020-05.xml,2020-05-07T22:03:25Z
380,https://www.cnn.com/sitemaps/special-2020-04.xml,2020-04-30T23:29:59Z
381,https://www.cnn.com/sitemaps/show-2020-04.xml,2020-04-30T21:50:11Z
382,https://edition.cnn.com/sitemaps/article-2020-04.xml,2020-04-30T17:46:23Z
383,https://edition.cnn.com/sitemaps/gallery-2020-04.xml,2020-04-30T08:51:17Z
384,https://www.cnn.com/sitemaps/profile-2020-04.xml,2020-04-29T16:22:10Z
385,https://www.cnn.com/sitemaps/article-2020-04.xml,2020-04-27T13:25:13Z
386,https://edition.cnn.com/sitemaps/special-2020-04.xml,2020-04-20T17:06:23Z
387,https://www.cnn.com/sitemaps/video-2020-04.xml,2020-04-07T05:51:36Z
388,https://www.cnn.com/sitemaps/gallery-2020-04.xml,2020-04-07T05:01:21Z
389,https://www.cnn.com/sitemaps/special-2020-03.xml,2020-03-31T22:33:13Z
390,https://edition.cnn.com/sitemaps/article-2020-03.xml,2020-03-31T21:59:45Z
391,https://www.cnn.com/sitemaps/show-2020-03.xml,2020-03-31T21:52:32Z
392,https://www.cnn.com/sitemaps/profile-2020-03.xml,2020-03-31T20:27:17Z
393,https://edition.cnn.com/sitemaps/gallery-2020-03.xml,2020-03-27T18:39:51Z
394,https://www.cnn.com/sitemaps/gallery-2020-03.xml,2020-03-20T21:13:01Z
395,https://edition.cnn.com/sitemaps/special-2020-03.xml,2020-03-11T10:30:20Z
396,https://www.cnn.com/sitemaps/article-2020-03.xml,2020-03-09T14:59:55Z
397,https://www.cnn.com/sitemaps/video-2020-03.xml,2020-03-09T01:33:24Z
398,https://edition.cnn.com/sitemaps/article-2020-02.xml,2020-02-29T22:56:36Z
399,https://www.cnn.com/sitemaps/show-2020-02.xml,2020-02-29T16:22:38Z
400,https://www.cnn.com/sitemaps/profile-2020-02.xml,2020-02-28T15:43:23Z
401,https://edition.cnn.com/sitemaps/special-2020-02.xml,2020-02-28T14:00:51Z
402,https://www.cnn.com/sitemaps/video-2020-02.xml,2020-02-28T10:17:22Z
403,https://edition.cnn.com/sitemaps/gallery-2020-02.xml,2020-02-27T22:55:22Z
404,https://www.cnn.com/sitemaps/article-2020-02.xml,2020-02-24T18:50:09Z
405,https://www.cnn.com/sitemaps/gallery-2020-02.xml,2020-02-17T13:42:13Z
406,https://www.cnn.com/sitemaps/special-2020-02.xml,2020-02-05T19:36:08Z
407,https://www.cnn.com/sitemaps/special-2020-01.xml,2020-01-31T23:46:26Z
408,https://www.cnn.com/sitemaps/profile-2020-01.xml,2020-01-31T20:07:40Z
409,https://www.cnn.com/sitemaps/show-2020-01.xml,2020-01-31T17:38:55Z
410,https://www.cnn.com/sitemaps/gallery-2020-01.xml,2020-01-31T13:07:07Z
411,https://edition.cnn.com/sitemaps/gallery-2020-01.xml,2020-01-29T20:11:39Z
412,https://www.cnn.com/sitemaps/article-2020-01.xml,2020-01-20T15:48:24Z
413,https://edition.cnn.com/sitemaps/special-2020-01.xml,2020-01-18T22:17:34Z
414,https://www.cnn.com/sitemaps/video-2020-01.xml,2020-01-15T18:59:08Z
415,https://edition.cnn.com/sitemaps/article-2020-01.xml,2020-01-15T01:28:27Z
416,https://www.cnn.com/sitemaps/special-2019-12.xml,2019-12-31T23:57:40Z
417,https://www.cnn.com/sitemaps/show-2019-12.xml,2019-12-31T23:36:47Z
418,https://www.cnn.com/sitemaps/profile-2019-12.xml,2019-12-31T17:49:05Z
419,https://edition.cnn.com/sitemaps/gallery-2019-12.xml,2019-12-30T18:08:29Z
420,https://www.cnn.com/sitemaps/article-2019-12.xml,2019-12-20T11:46:53Z
421,https://edition.cnn.com/sitemaps/special-2019-12.xml,2019-12-19T16:03:25Z
422,https://www.cnn.com/sitemaps/video-2019-12.xml,2019-12-18T18:41:29Z
423,https://www.cnn.com/sitemaps/gallery-2019-12.xml,2019-12-09T10:43:26Z
424,https://edition.cnn.com/sitemaps/article-2019-12.xml,2019-12-06T16:09:13Z
425,https://edition.cnn.com/sitemaps/video-2019-12.xml,2019-12-01T17:41:12Z
426,https://edition.cnn.com/sitemaps/video-2019-11.xml,2019-11-30T20:26:04Z
427,https://www.cnn.com/sitemaps/special-2019-11.xml,2019-11-30T18:42:19Z
428,https://edition.cnn.com/sitemaps/gallery-2019-11.xml,2019-11-30T18:17:54Z
429,https://www.cnn.com/sitemaps/show-2019-11.xml,2019-11-30T15:53:40Z
430,https://www.cnn.com/sitemaps/profile-2019-11.xml,2019-11-29T16:01:43Z
431,https://edition.cnn.com/sitemaps/special-2019-11.xml,2019-11-29T15:22:19Z
432,https://www.cnn.com/sitemaps/gallery-2019-11.xml,2019-11-26T12:44:59Z
433,https://edition.cnn.com/sitemaps/article-2019-11.xml,2019-11-26T10:13:36Z
434,https://www.cnn.com/sitemaps/video-2019-11.xml,2019-11-15T02:55:44Z
435,https://www.cnn.com/sitemaps/article-2019-11.xml,2019-11-08T13:59:05Z
436,https://www.cnn.com/sitemaps/special-2019-10.xml,2019-10-31T22:55:22Z
437,https://www.cnn.com/sitemaps/show-2019-10.xml,2019-10-31T22:00:21Z
438,https://www.cnn.com/sitemaps/profile-2019-10.xml,2019-10-31T17:44:06Z
439,https://edition.cnn.com/sitemaps/special-2019-10.xml,2019-10-31T13:33:25Z
440,https://edition.cnn.com/sitemaps/gallery-2019-10.xml,2019-10-31T04:22:22Z
441,https://www.cnn.com/sitemaps/gallery-2019-10.xml,2019-10-21T10:51:35Z
442,https://edition.cnn.com/sitemaps/article-2019-10.xml,2019-10-17T18:54:48Z
443,https://www.cnn.com/sitemaps/article-2019-10.xml,2019-10-11T16:37:41Z
444,https://www.cnn.com/sitemaps/video-2019-10.xml,2019-10-08T01:17:57Z
445,https://www.cnn.com/sitemaps/special-2019-09.xml,2019-09-30T23:06:06Z
446,https://www.cnn.com/sitemaps/show-2019-09.xml,2019-09-30T22:06:13Z
447,https://www.cnn.com/sitemaps/profile-2019-09.xml,2019-09-30T21:53:33Z
448,https://edition.cnn.com/sitemaps/article-2019-09.xml,2019-09-30T19:01:37Z
449,https://edition.cnn.com/sitemaps/gallery-2019-09.xml,2019-09-30T16:04:11Z
450,https://edition.cnn.com/sitemaps/special-2019-09.xml,2019-09-30T12:28:09Z
451,https://www.cnn.com/sitemaps/gallery-2019-09.xml,2019-09-27T00:31:19Z
452,https://www.cnn.com/sitemaps/article-2019-09.xml,2019-09-25T16:48:19Z
453,https://www.cnn.com/sitemaps/video-2019-09.xml,2019-09-23T00:21:39Z
454,https://www.cnn.com/sitemaps/special-2019-08.xml,2019-08-31T23:09:54Z
455,https://edition.cnn.com/sitemaps/article-2019-08.xml,2019-08-31T21:29:50Z
456,https://www.cnn.com/sitemaps/gallery-2019-08.xml,2019-08-31T17:41:07Z
457,https://www.cnn.com/sitemaps/show-2019-08.xml,2019-08-31T15:05:20Z
458,https://www.cnn.com/sitemaps/profile-2019-08.xml,2019-08-30T22:37:22Z
459,https://edition.cnn.com/sitemaps/gallery-2019-08.xml,2019-08-30T09:01:13Z
460,https://www.cnn.com/sitemaps/article-2019-08.xml,2019-08-26T14:21:09Z
461,https://www.cnn.com/sitemaps/video-2019-08.xml,2019-08-14T10:48:53Z
462,https://www.cnn.com/sitemaps/special-2019-07.xml,2019-07-31T23:53:49Z
463,https://www.cnn.com/sitemaps/show-2019-07.xml,2019-07-31T14:55:04Z
464,https://www.cnn.com/sitemaps/profile-2019-07.xml,2019-07-31T13:43:49Z
465,https://edition.cnn.com/sitemaps/gallery-2019-07.xml,2019-07-29T11:51:59Z
466,https://edition.cnn.com/sitemaps/special-2019-07.xml,2019-07-27T12:27:51Z
467,https://www.cnn.com/sitemaps/gallery-2019-07.xml,2019-07-24T19:40:40Z
468,https://www.cnn.com/sitemaps/article-2019-07.xml,2019-07-05T09:36:40Z
469,https://edition.cnn.com/sitemaps/article-2019-07.xml,2019-07-02T15:40:01Z
470,https://www.cnn.com/sitemaps/video-2019-07.xml,2019-07-01T17:22:41Z
471,https://edition.cnn.com/sitemaps/article-2019-06.xml,2019-06-30T23:11:54Z
472,https://www.cnn.com/sitemaps/special-2019-06.xml,2019-06-30T20:43:08Z
473,https://edition.cnn.com/sitemaps/gallery-2019-06.xml,2019-06-30T19:47:52Z
474,https://www.cnn.com/sitemaps/show-2019-06.xml,2019-06-30T17:18:23Z
475,https://www.cnn.com/sitemaps/profile-2019-06.xml,2019-06-30T01:20:40Z
476,https://edition.cnn.com/sitemaps/special-2019-06.xml,2019-06-29T20:15:10Z
477,https://www.cnn.com/sitemaps/video-2019-06.xml,2019-06-24T12:26:31Z
478,https://www.cnn.com/sitemaps/article-2019-06.xml,2019-06-23T00:39:36Z
479,https://www.cnn.com/sitemaps/gallery-2019-06.xml,2019-06-07T09:51:23Z
480,https://edition.cnn.com/sitemaps/video-2019-06.xml,2019-06-05T08:31:43Z
481,https://www.cnn.com/sitemaps/special-2019-05.xml,2019-05-31T22:54:14Z
482,https://www.cnn.com/sitemaps/show-2019-05.xml,2019-05-31T22:06:43Z
483,https://edition.cnn.com/sitemaps/gallery-2019-05.xml,2019-05-31T18:44:23Z
484,https://www.cnn.com/sitemaps/profile-2019-05.xml,2019-05-31T10:56:32Z
485,https://edition.cnn.com/sitemaps/special-2019-05.xml,2019-05-31T10:16:16Z
486,https://www.cnn.com/sitemaps/gallery-2019-05.xml,2019-05-27T11:40:49Z
487,https://www.cnn.com/sitemaps/article-2019-05.xml,2019-05-22T08:56:53Z
488,https://edition.cnn.com/sitemaps/article-2019-05.xml,2019-05-10T15:06:12Z
489,https://edition.cnn.com/sitemaps/video-2019-05.xml,2019-05-10T08:16:24Z
490,https://www.cnn.com/sitemaps/video-2019-05.xml,2019-05-09T12:36:49Z
491,https://www.cnn.com/sitemaps/show-2019-04.xml,2019-04-30T22:15:31Z
492,https://www.cnn.com/sitemaps/special-2019-04.xml,2019-04-30T21:20:55Z
493,https://www.cnn.com/sitemaps/profile-2019-04.xml,2019-04-30T20:11:14Z
494,https://edition.cnn.com/sitemaps/special-2019-04.xml,2019-04-30T15:34:19Z
495,https://www.cnn.com/sitemaps/video-2019-04.xml,2019-04-29T23:39:21Z
496,https://edition.cnn.com/sitemaps/gallery-2019-04.xml,2019-04-29T14:53:20Z
497,https://www.cnn.com/sitemaps/article-2019-04.xml,2019-04-18T09:25:13Z
498,https://www.cnn.com/sitemaps/gallery-2019-04.xml,2019-04-15T18:03:41Z
499,https://edition.cnn.com/sitemaps/article-2019-04.xml,2019-04-09T12:34:08Z
500,https://www.cnn.com/sitemaps/special-2019-03.xml,2019-03-31T23:18:57Z
501,https://www.cnn.com/sitemaps/show-2019-03.xml,2019-03-31T16:36:10Z
502,https://www.cnn.com/sitemaps/profile-2019-03.xml,2019-03-31T07:05:37Z
503,https://edition.cnn.com/sitemaps/gallery-2019-03.xml,2019-03-30T22:34:33Z
504,https://www.cnn.com/sitemaps/gallery-2019-03.xml,2019-03-29T20:04:51Z
505,https://edition.cnn.com/sitemaps/special-2019-03.xml,2019-03-28T15:40:37Z
506,https://edition.cnn.com/sitemaps/article-2019-03.xml,2019-03-20T17:11:03Z
507,https://www.cnn.com/sitemaps/article-2019-03.xml,2019-03-09T20:31:39Z
508,https://www.cnn.com/sitemaps/video-2019-03.xml,2019-03-01T23:15:14Z
509,https://www.cnn.com/sitemaps/show-2019-02.xml,2019-02-28T23:29:25Z
510,https://www.cnn.com/sitemaps/profile-2019-02.xml,2019-02-28T21:43:22Z
511,https://edition.cnn.com/sitemaps/special-2019-02.xml,2019-02-28T14:48:33Z
512,https://www.cnn.com/sitemaps/gallery-2019-02.xml,2019-02-27T16:07:26Z
513,https://edition.cnn.com/sitemaps/gallery-2019-02.xml,2019-02-26T13:53:44Z
514,https://edition.cnn.com/sitemaps/article-2019-02.xml,2019-02-24T09:50:49Z
515,https://www.cnn.com/sitemaps/special-2019-02.xml,2019-02-20T12:07:47Z
516,https://www.cnn.com/sitemaps/article-2019-02.xml,2019-02-18T02:15:33Z
517,https://www.cnn.com/sitemaps/video-2019-02.xml,2019-02-12T16:43:22Z
518,https://edition.cnn.com/sitemaps/article-2019-01.xml,2019-01-31T23:52:19Z
519,https://www.cnn.com/sitemaps/show-2019-01.xml,2019-01-31T22:45:16Z
520,https://www.cnn.com/sitemaps/special-2019-01.xml,2019-01-31T22:35:31Z
521,https://www.cnn.com/sitemaps/profile-2019-01.xml,2019-01-31T17:48:03Z
522,https://edition.cnn.com/sitemaps/special-2019-01.xml,2019-01-31T11:09:20Z
523,https://edition.cnn.com/sitemaps/gallery-2019-01.xml,2019-01-28T04:19:34Z
524,https://www.cnn.com/sitemaps/article-2019-01.xml,2019-01-24T04:05:49Z
525,https://www.cnn.com/sitemaps/video-2019-01.xml,2019-01-10T18:47:51Z
526,https://www.cnn.com/sitemaps/gallery-2019-01.xml,2019-01-03T00:01:01Z
527,https://www.cnn.com/sitemaps/show-2018-12.xml,2018-12-31T22:33:23Z
528,https://www.cnn.com/sitemaps/special-2018-12.xml,2018-12-31T21:09:57Z
529,https://www.cnn.com/sitemaps/gallery-2018-12.xml,2018-12-31T16:40:07Z
530,https://www.cnn.com/sitemaps/profile-2018-12.xml,2018-12-31T10:31:49Z
531,https://edition.cnn.com/sitemaps/gallery-2018-12.xml,2018-12-31T04:03:25Z
532,https://edition.cnn.com/sitemaps/special-2018-12.xml,2018-12-20T11:56:43Z
533,https://www.cnn.com/sitemaps/video-2018-12.xml,2018-12-17T06:06:44Z
534,https://edition.cnn.com/sitemaps/article-2018-12.xml,2018-12-15T10:13:20Z
535,https://www.cnn.com/sitemaps/article-2018-12.xml,2018-12-04T16:07:19Z
536,https://www.cnn.com/sitemaps/show-2018-11.xml,2018-11-30T22:32:32Z
537,https://www.cnn.com/sitemaps/profile-2018-11.xml,2018-11-30T20:44:31Z
538,https://edition.cnn.com/sitemaps/article-2018-11.xml,2018-11-30T20:25:49Z
539,https://edition.cnn.com/sitemaps/special-2018-11.xml,2018-11-30T11:19:51Z
540,https://edition.cnn.com/sitemaps/gallery-2018-11.xml,2018-11-28T14:30:40Z
541,https://www.cnn.com/sitemaps/gallery-2018-11.xml,2018-11-28T02:30:31Z
542,https://www.cnn.com/sitemaps/special-2018-11.xml,2018-11-27T16:57:46Z
543,https://www.cnn.com/sitemaps/video-2018-11.xml,2018-11-13T19:39:55Z
544,https://www.cnn.com/sitemaps/article-2018-11.xml,2018-11-02T00:11:04Z
545,https://www.cnn.com/sitemaps/special-2018-10.xml,2018-10-31T23:08:03Z
546,https://www.cnn.com/sitemaps/show-2018-10.xml,2018-10-31T21:38:10Z
547,https://edition.cnn.com/sitemaps/gallery-2018-10.xml,2018-10-31T17:09:13Z
548,https://www.cnn.com/sitemaps/profile-2018-10.xml,2018-10-31T10:14:20Z
549,https://www.cnn.com/sitemaps/article-2018-10.xml,2018-10-25T01:44:20Z
550,https://edition.cnn.com/sitemaps/special-2018-10.xml,2018-10-22T13:43:58Z
551,https://edition.cnn.com/sitemaps/article-2018-10.xml,2018-10-15T11:46:22Z
552,https://www.cnn.com/sitemaps/gallery-2018-10.xml,2018-10-05T15:45:37Z
553,https://www.cnn.com/sitemaps/video-2018-10.xml,2018-10-02T01:28:41Z
554,https://www.cnn.com/sitemaps/special-2018-09.xml,2018-09-30T19:58:44Z
555,https://edition.cnn.com/sitemaps/article-2018-09.xml,2018-09-30T18:38:10Z
556,https://edition.cnn.com/sitemaps/gallery-2018-09.xml,2018-09-30T17:27:06Z
557,https://www.cnn.com/sitemaps/show-2018-09.xml,2018-09-30T16:28:30Z
558,https://www.cnn.com/sitemaps/video-2018-09.xml,2018-09-30T13:51:59Z
559,https://www.cnn.com/sitemaps/profile-2018-09.xml,2018-09-30T07:56:55Z
560,https://edition.cnn.com/sitemaps/special-2018-09.xml,2018-09-28T14:10:52Z
561,https://www.cnn.com/sitemaps/article-2018-09.xml,2018-09-26T14:51:21Z
562,https://www.cnn.com/sitemaps/gallery-2018-09.xml,2018-09-24T15:34:54Z
563,https://www.cnn.com/sitemaps/special-2018-08.xml,2018-08-31T23:38:04Z
564,https://www.cnn.com/sitemaps/profile-2018-08.xml,2018-08-31T16:40:37Z
565,https://www.cnn.com/sitemaps/show-2018-08.xml,2018-08-31T13:29:27Z
566,https://www.cnn.com/sitemaps/gallery-2018-08.xml,2018-08-31T08:54:22Z
567,https://www.cnn.com/sitemaps/article-2018-08.xml,2018-08-20T13:41:14Z
568,https://www.cnn.com/sitemaps/video-2018-08.xml,2018-08-16T16:44:15Z
569,https://edition.cnn.com/sitemaps/special-2018-08.xml,2018-08-13T10:58:45Z
570,https://edition.cnn.com/sitemaps/article-2018-08.xml,2018-08-08T02:16:57Z
571,https://edition.cnn.com/sitemaps/gallery-2018-08.xml,2018-08-03T10:50:39Z
572,https://www.cnn.com/sitemaps/special-2018-07.xml,2018-07-31T23:14:31Z
573,https://www.cnn.com/sitemaps/show-2018-07.xml,2018-07-31T21:59:27Z
574,https://www.cnn.com/sitemaps/profile-2018-07.xml,2018-07-31T20:51:06Z
575,https://www.cnn.com/sitemaps/video-2018-07.xml,2018-07-31T16:12:52Z
576,https://edition.cnn.com/sitemaps/gallery-2018-07.xml,2018-07-19T11:28:44Z
577,https://www.cnn.com/sitemaps/gallery-2018-07.xml,2018-07-11T17:40:25Z
578,https://www.cnn.com/sitemaps/article-2018-07.xml,2018-07-06T01:11:13Z
579,https://edition.cnn.com/sitemaps/gallery-2012-01.xml,2018-07-04T19:31:27Z
580,https://edition.cnn.com/sitemaps/gallery-2013-01.xml,2018-07-04T19:31:27Z
581,https://edition.cnn.com/sitemaps/gallery-2014-01.xml,2018-07-04T19:31:27Z
582,https://edition.cnn.com/sitemaps/gallery-2015-01.xml,2018-07-04T19:31:27Z
583,https://edition.cnn.com/sitemaps/gallery-2016-01.xml,2018-07-04T19:31:27Z
584,https://edition.cnn.com/sitemaps/gallery-2017-01.xml,2018-07-04T19:31:27Z
585,https://edition.cnn.com/sitemaps/gallery-2018-01.xml,2018-07-04T19:31:27Z
586,https://edition.cnn.com/sitemaps/gallery-2012-02.xml,2018-07-04T19:31:27Z
587,https://edition.cnn.com/sitemaps/gallery-2013-02.xml,2018-07-04T19:31:27Z
588,https://edition.cnn.com/sitemaps/gallery-2014-02.xml,2018-07-04T19:31:27Z
589,https://edition.cnn.com/sitemaps/gallery-2015-02.xml,2018-07-04T19:31:27Z
590,https://edition.cnn.com/sitemaps/gallery-2016-02.xml,2018-07-04T19:31:27Z
591,https://edition.cnn.com/sitemaps/gallery-2018-02.xml,2018-07-04T19:31:27Z
592,https://edition.cnn.com/sitemaps/gallery-2012-03.xml,2018-07-04T19:31:27Z
593,https://edition.cnn.com/sitemaps/gallery-2013-03.xml,2018-07-04T19:31:27Z
594,https://edition.cnn.com/sitemaps/gallery-2014-03.xml,2018-07-04T19:31:27Z
595,https://edition.cnn.com/sitemaps/gallery-2015-03.xml,2018-07-04T19:31:27Z
596,https://edition.cnn.com/sitemaps/gallery-2016-03.xml,2018-07-04T19:31:27Z
597,https://edition.cnn.com/sitemaps/gallery-2017-03.xml,2018-07-04T19:31:27Z
598,https://edition.cnn.com/sitemaps/gallery-2018-03.xml,2018-07-04T19:31:27Z
599,https://edition.cnn.com/sitemaps/gallery-2012-04.xml,2018-07-04T19:31:27Z
600,https://edition.cnn.com/sitemaps/gallery-2013-04.xml,2018-07-04T19:31:27Z
601,https://edition.cnn.com/sitemaps/gallery-2014-04.xml,2018-07-04T19:31:27Z
602,https://edition.cnn.com/sitemaps/gallery-2015-04.xml,2018-07-04T19:31:27Z
603,https://edition.cnn.com/sitemaps/gallery-2016-04.xml,2018-07-04T19:31:27Z
604,https://edition.cnn.com/sitemaps/gallery-2017-04.xml,2018-07-04T19:31:27Z
605,https://edition.cnn.com/sitemaps/gallery-2018-04.xml,2018-07-04T19:31:27Z
606,https://edition.cnn.com/sitemaps/gallery-2012-05.xml,2018-07-04T19:31:27Z
607,https://edition.cnn.com/sitemaps/gallery-2013-05.xml,2018-07-04T19:31:27Z
608,https://edition.cnn.com/sitemaps/gallery-2014-05.xml,2018-07-04T19:31:27Z
609,https://edition.cnn.com/sitemaps/gallery-2015-05.xml,2018-07-04T19:31:27Z
610,https://edition.cnn.com/sitemaps/gallery-2016-05.xml,2018-07-04T19:31:27Z
611,https://edition.cnn.com/sitemaps/gallery-2018-05.xml,2018-07-04T19:31:27Z
612,https://edition.cnn.com/sitemaps/gallery-2012-06.xml,2018-07-04T19:31:27Z
613,https://edition.cnn.com/sitemaps/gallery-2013-06.xml,2018-07-04T19:31:27Z
614,https://edition.cnn.com/sitemaps/gallery-2014-06.xml,2018-07-04T19:31:27Z
615,https://edition.cnn.com/sitemaps/gallery-2015-06.xml,2018-07-04T19:31:27Z
616,https://edition.cnn.com/sitemaps/gallery-2016-06.xml,2018-07-04T19:31:27Z
617,https://edition.cnn.com/sitemaps/gallery-2017-06.xml,2018-07-04T19:31:27Z
618,https://edition.cnn.com/sitemaps/gallery-2018-06.xml,2018-07-04T19:31:27Z
619,https://edition.cnn.com/sitemaps/gallery-2012-07.xml,2018-07-04T19:31:27Z
620,https://edition.cnn.com/sitemaps/gallery-2013-07.xml,2018-07-04T19:31:27Z
621,https://edition.cnn.com/sitemaps/gallery-2014-07.xml,2018-07-04T19:31:27Z
622,https://edition.cnn.com/sitemaps/gallery-2015-07.xml,2018-07-04T19:31:27Z
623,https://edition.cnn.com/sitemaps/gallery-2016-07.xml,2018-07-04T19:31:27Z
624,https://edition.cnn.com/sitemaps/gallery-2017-07.xml,2018-07-04T19:31:27Z
625,https://edition.cnn.com/sitemaps/gallery-2012-08.xml,2018-07-04T19:31:27Z
626,https://edition.cnn.com/sitemaps/gallery-2013-08.xml,2018-07-04T19:31:27Z
627,https://edition.cnn.com/sitemaps/gallery-2014-08.xml,2018-07-04T19:31:27Z
628,https://edition.cnn.com/sitemaps/gallery-2015-08.xml,2018-07-04T19:31:27Z
629,https://edition.cnn.com/sitemaps/gallery-2016-08.xml,2018-07-04T19:31:27Z
630,https://edition.cnn.com/sitemaps/gallery-2011-09.xml,2018-07-04T19:31:27Z
631,https://edition.cnn.com/sitemaps/gallery-2012-09.xml,2018-07-04T19:31:27Z
632,https://edition.cnn.com/sitemaps/gallery-2013-09.xml,2018-07-04T19:31:27Z
633,https://edition.cnn.com/sitemaps/gallery-2014-09.xml,2018-07-04T19:31:27Z
634,https://edition.cnn.com/sitemaps/gallery-2015-09.xml,2018-07-04T19:31:27Z
635,https://edition.cnn.com/sitemaps/gallery-2016-09.xml,2018-07-04T19:31:27Z
636,https://edition.cnn.com/sitemaps/gallery-2017-09.xml,2018-07-04T19:31:27Z
637,https://edition.cnn.com/sitemaps/gallery-2011-10.xml,2018-07-04T19:31:27Z
638,https://edition.cnn.com/sitemaps/gallery-2012-10.xml,2018-07-04T19:31:27Z
639,https://edition.cnn.com/sitemaps/gallery-2013-10.xml,2018-07-04T19:31:27Z
640,https://edition.cnn.com/sitemaps/gallery-2014-10.xml,2018-07-04T19:31:27Z
641,https://edition.cnn.com/sitemaps/gallery-2015-10.xml,2018-07-04T19:31:27Z
642,https://edition.cnn.com/sitemaps/gallery-2016-10.xml,2018-07-04T19:31:27Z
643,https://edition.cnn.com/sitemaps/gallery-2017-10.xml,2018-07-04T19:31:27Z
644,https://edition.cnn.com/sitemaps/gallery-2011-11.xml,2018-07-04T19:31:27Z
645,https://edition.cnn.com/sitemaps/gallery-2012-11.xml,2018-07-04T19:31:27Z
646,https://edition.cnn.com/sitemaps/gallery-2013-11.xml,2018-07-04T19:31:27Z
647,https://edition.cnn.com/sitemaps/gallery-2014-11.xml,2018-07-04T19:31:27Z
648,https://edition.cnn.com/sitemaps/gallery-2015-11.xml,2018-07-04T19:31:27Z
649,https://edition.cnn.com/sitemaps/gallery-2016-11.xml,2018-07-04T19:31:27Z
650,https://edition.cnn.com/sitemaps/gallery-2017-11.xml,2018-07-04T19:31:27Z
651,https://edition.cnn.com/sitemaps/gallery-2011-12.xml,2018-07-04T19:31:27Z
652,https://edition.cnn.com/sitemaps/gallery-2012-12.xml,2018-07-04T19:31:27Z
653,https://edition.cnn.com/sitemaps/gallery-2013-12.xml,2018-07-04T19:31:27Z
654,https://edition.cnn.com/sitemaps/gallery-2014-12.xml,2018-07-04T19:31:27Z
655,https://edition.cnn.com/sitemaps/gallery-2015-12.xml,2018-07-04T19:31:27Z
656,https://edition.cnn.com/sitemaps/gallery-2016-12.xml,2018-07-04T19:31:27Z
657,https://edition.cnn.com/sitemaps/article-2018-07.xml,2018-07-03T09:30:46Z
658,https://www.cnn.com/sitemaps/special-2018-06.xml,2018-06-30T20:08:59Z
659,https://www.cnn.com/sitemaps/show-2018-06.xml,2018-06-30T14:53:27Z
660,https://www.cnn.com/sitemaps/profile-2018-06.xml,2018-06-30T00:07:22Z
661,https://edition.cnn.com/sitemaps/article-2012-01.xml,2018-06-27T19:31:27Z
662,https://edition.cnn.com/sitemaps/article-2013-01.xml,2018-06-27T19:31:27Z
663,https://edition.cnn.com/sitemaps/article-2014-01.xml,2018-06-27T19:31:27Z
664,https://edition.cnn.com/sitemaps/article-2016-01.xml,2018-06-27T19:31:27Z
665,https://edition.cnn.com/sitemaps/article-2017-01.xml,2018-06-27T19:31:27Z
666,https://edition.cnn.com/sitemaps/article-2018-01.xml,2018-06-27T19:31:27Z
667,https://edition.cnn.com/sitemaps/article-2012-02.xml,2018-06-27T19:31:27Z
668,https://edition.cnn.com/sitemaps/article-2013-02.xml,2018-06-27T19:31:27Z
669,https://edition.cnn.com/sitemaps/article-2014-02.xml,2018-06-27T19:31:27Z
670,https://edition.cnn.com/sitemaps/article-2015-02.xml,2018-06-27T19:31:27Z
671,https://edition.cnn.com/sitemaps/article-2016-02.xml,2018-06-27T19:31:27Z
672,https://edition.cnn.com/sitemaps/article-2017-02.xml,2018-06-27T19:31:27Z
673,https://edition.cnn.com/sitemaps/article-2012-03.xml,2018-06-27T19:31:27Z
674,https://edition.cnn.com/sitemaps/article-2013-03.xml,2018-06-27T19:31:27Z
675,https://edition.cnn.com/sitemaps/article-2014-03.xml,2018-06-27T19:31:27Z
676,https://edition.cnn.com/sitemaps/article-2015-03.xml,2018-06-27T19:31:27Z
677,https://edition.cnn.com/sitemaps/article-2016-03.xml,2018-06-27T19:31:27Z
678,https://edition.cnn.com/sitemaps/article-2018-03.xml,2018-06-27T19:31:27Z
679,https://edition.cnn.com/sitemaps/article-2012-04.xml,2018-06-27T19:31:27Z
680,https://edition.cnn.com/sitemaps/article-2013-04.xml,2018-06-27T19:31:27Z
681,https://edition.cnn.com/sitemaps/article-2014-04.xml,2018-06-27T19:31:27Z
682,https://edition.cnn.com/sitemaps/article-2015-04.xml,2018-06-27T19:31:27Z
683,https://edition.cnn.com/sitemaps/article-2016-04.xml,2018-06-27T19:31:27Z
684,https://edition.cnn.com/sitemaps/article-2017-04.xml,2018-06-27T19:31:27Z
685,https://edition.cnn.com/sitemaps/article-2018-04.xml,2018-06-27T19:31:27Z
686,https://edition.cnn.com/sitemaps/article-2012-05.xml,2018-06-27T19:31:27Z
687,https://edition.cnn.com/sitemaps/article-2013-05.xml,2018-06-27T19:31:27Z
688,https://edition.cnn.com/sitemaps/article-2014-05.xml,2018-06-27T19:31:27Z
689,https://edition.cnn.com/sitemaps/article-2015-05.xml,2018-06-27T19:31:27Z
690,https://edition.cnn.com/sitemaps/article-2016-05.xml,2018-06-27T19:31:27Z
691,https://edition.cnn.com/sitemaps/article-2018-05.xml,2018-06-27T19:31:27Z
692,https://edition.cnn.com/sitemaps/article-2012-06.xml,2018-06-27T19:31:27Z
693,https://edition.cnn.com/sitemaps/article-2013-06.xml,2018-06-27T19:31:27Z
694,https://edition.cnn.com/sitemaps/article-2014-06.xml,2018-06-27T19:31:27Z
695,https://edition.cnn.com/sitemaps/article-2015-06.xml,2018-06-27T19:31:27Z
696,https://edition.cnn.com/sitemaps/article-2016-06.xml,2018-06-27T19:31:27Z
697,https://edition.cnn.com/sitemaps/article-2012-07.xml,2018-06-27T19:31:27Z
698,https://edition.cnn.com/sitemaps/article-2013-07.xml,2018-06-27T19:31:27Z
699,https://edition.cnn.com/sitemaps/article-2014-07.xml,2018-06-27T19:31:27Z
700,https://edition.cnn.com/sitemaps/article-2015-07.xml,2018-06-27T19:31:27Z
701,https://edition.cnn.com/sitemaps/article-2017-07.xml,2018-06-27T19:31:27Z
702,https://edition.cnn.com/sitemaps/article-2011-08.xml,2018-06-27T19:31:27Z
703,https://edition.cnn.com/sitemaps/article-2013-08.xml,2018-06-27T19:31:27Z
704,https://edition.cnn.com/sitemaps/article-2014-08.xml,2018-06-27T19:31:27Z
705,https://edition.cnn.com/sitemaps/article-2016-08.xml,2018-06-27T19:31:27Z
706,https://edition.cnn.com/sitemaps/article-2017-08.xml,2018-06-27T19:31:27Z
707,https://edition.cnn.com/sitemaps/article-2011-09.xml,2018-06-27T19:31:27Z
708,https://edition.cnn.com/sitemaps/article-2012-09.xml,2018-06-27T19:31:27Z
709,https://edition.cnn.com/sitemaps/article-2014-09.xml,2018-06-27T19:31:27Z
710,https://edition.cnn.com/sitemaps/article-2015-09.xml,2018-06-27T19:31:27Z
711,https://edition.cnn.com/sitemaps/article-2016-09.xml,2018-06-27T19:31:27Z
712,https://edition.cnn.com/sitemaps/article-2017-09.xml,2018-06-27T19:31:27Z
713,https://edition.cnn.com/sitemaps/article-2011-10.xml,2018-06-27T19:31:27Z
714,https://edition.cnn.com/sitemaps/article-2012-10.xml,2018-06-27T19:31:27Z
715,https://edition.cnn.com/sitemaps/article-2013-10.xml,2018-06-27T19:31:27Z
716,https://edition.cnn.com/sitemaps/article-2014-10.xml,2018-06-27T19:31:27Z
717,https://edition.cnn.com/sitemaps/article-2016-10.xml,2018-06-27T19:31:27Z
718,https://edition.cnn.com/sitemaps/article-2017-10.xml,2018-06-27T19:31:27Z
719,https://edition.cnn.com/sitemaps/article-2011-11.xml,2018-06-27T19:31:27Z
720,https://edition.cnn.com/sitemaps/article-2012-11.xml,2018-06-27T19:31:27Z
721,https://edition.cnn.com/sitemaps/article-2013-11.xml,2018-06-27T19:31:27Z
722,https://edition.cnn.com/sitemaps/article-2014-11.xml,2018-06-27T19:31:27Z
723,https://edition.cnn.com/sitemaps/article-2015-11.xml,2018-06-27T19:31:27Z
724,https://edition.cnn.com/sitemaps/article-2016-11.xml,2018-06-27T19:31:27Z
725,https://edition.cnn.com/sitemaps/article-2011-12.xml,2018-06-27T19:31:27Z
726,https://edition.cnn.com/sitemaps/article-2012-12.xml,2018-06-27T19:31:27Z
727,https://edition.cnn.com/sitemaps/article-2013-12.xml,2018-06-27T19:31:27Z
728,https://edition.cnn.com/sitemaps/article-2014-12.xml,2018-06-27T19:31:27Z
729,https://edition.cnn.com/sitemaps/article-2016-12.xml,2018-06-27T19:31:27Z
730,https://edition.cnn.com/sitemaps/article-2017-12.xml,2018-06-27T19:31:27Z
731,https://www.cnn.com/sitemaps/gallery-2018-06.xml,2018-06-27T10:06:41Z
732,https://edition.cnn.com/sitemaps/article-2018-06.xml,2018-06-19T10:12:29Z
733,https://www.cnn.com/sitemaps/video-2018-06.xml,2018-06-17T09:42:57Z
734,https://www.cnn.com/sitemaps/article-2011-01.xml,2018-06-14T22:39:56Z
735,https://www.cnn.com/sitemaps/article-2011-02.xml,2018-06-14T22:39:56Z
736,https://www.cnn.com/sitemaps/article-2012-02.xml,2018-06-14T22:39:56Z
737,https://www.cnn.com/sitemaps/article-2011-03.xml,2018-06-14T22:39:56Z
738,https://www.cnn.com/sitemaps/article-2012-03.xml,2018-06-14T22:39:56Z
739,https://www.cnn.com/sitemaps/article-2011-04.xml,2018-06-14T22:39:56Z
740,https://www.cnn.com/sitemaps/article-2012-04.xml,2018-06-14T22:39:56Z
741,https://www.cnn.com/sitemaps/article-2011-05.xml,2018-06-14T22:39:56Z
742,https://www.cnn.com/sitemaps/article-2011-06.xml,2018-06-14T22:39:56Z
743,https://www.cnn.com/sitemaps/article-2014-06.xml,2018-06-14T22:39:56Z
744,https://www.cnn.com/sitemaps/article-2011-07.xml,2018-06-14T22:39:56Z
745,https://www.cnn.com/sitemaps/article-2012-07.xml,2018-06-14T22:39:56Z
746,https://www.cnn.com/sitemaps/article-2011-08.xml,2018-06-14T22:39:56Z
747,https://www.cnn.com/sitemaps/article-2011-09.xml,2018-06-14T22:39:56Z
748,https://www.cnn.com/sitemaps/article-2012-10.xml,2018-06-14T22:39:56Z
749,https://www.cnn.com/sitemaps/article-2012-12.xml,2018-06-14T22:39:56Z
750,https://www.cnn.com/sitemaps/gallery-2012-01.xml,2018-06-14T22:39:56Z
751,https://www.cnn.com/sitemaps/gallery-2013-01.xml,2018-06-14T22:39:56Z
752,https://www.cnn.com/sitemaps/gallery-2014-01.xml,2018-06-14T22:39:56Z
753,https://www.cnn.com/sitemaps/gallery-2015-01.xml,2018-06-14T22:39:56Z
754,https://www.cnn.com/sitemaps/gallery-2012-02.xml,2018-06-14T22:39:56Z
755,https://www.cnn.com/sitemaps/gallery-2013-02.xml,2018-06-14T22:39:56Z
756,https://www.cnn.com/sitemaps/gallery-2014-02.xml,2018-06-14T22:39:56Z
757,https://www.cnn.com/sitemaps/gallery-2016-02.xml,2018-06-14T22:39:56Z
758,https://www.cnn.com/sitemaps/gallery-2012-03.xml,2018-06-14T22:39:56Z
759,https://www.cnn.com/sitemaps/gallery-2013-03.xml,2018-06-14T22:39:56Z
760,https://www.cnn.com/sitemaps/gallery-2015-03.xml,2018-06-14T22:39:56Z
761,https://www.cnn.com/sitemaps/gallery-2012-04.xml,2018-06-14T22:39:56Z
762,https://www.cnn.com/sitemaps/gallery-2013-04.xml,2018-06-14T22:39:56Z
763,https://www.cnn.com/sitemaps/gallery-2012-05.xml,2018-06-14T22:39:56Z
764,https://www.cnn.com/sitemaps/gallery-2013-05.xml,2018-06-14T22:39:56Z
765,https://www.cnn.com/sitemaps/gallery-2012-06.xml,2018-06-14T22:39:56Z
766,https://www.cnn.com/sitemaps/gallery-2015-06.xml,2018-06-14T22:39:56Z
767,https://www.cnn.com/sitemaps/gallery-2012-07.xml,2018-06-14T22:39:56Z
768,https://www.cnn.com/sitemaps/gallery-2013-07.xml,2018-06-14T22:39:56Z
769,https://www.cnn.com/sitemaps/gallery-2014-07.xml,2018-06-14T22:39:56Z
770,https://www.cnn.com/sitemaps/gallery-2011-08.xml,2018-06-14T22:39:56Z
771,https://www.cnn.com/sitemaps/gallery-2012-08.xml,2018-06-14T22:39:56Z
772,https://www.cnn.com/sitemaps/gallery-2014-08.xml,2018-06-14T22:39:56Z
773,https://www.cnn.com/sitemaps/gallery-2015-08.xml,2018-06-14T22:39:56Z
774,https://www.cnn.com/sitemaps/gallery-2011-09.xml,2018-06-14T22:39:56Z
775,https://www.cnn.com/sitemaps/gallery-2012-09.xml,2018-06-14T22:39:56Z
776,https://www.cnn.com/sitemaps/gallery-2013-09.xml,2018-06-14T22:39:56Z
777,https://www.cnn.com/sitemaps/gallery-2014-09.xml,2018-06-14T22:39:56Z
778,https://www.cnn.com/sitemaps/gallery-2015-09.xml,2018-06-14T22:39:56Z
779,https://www.cnn.com/sitemaps/gallery-2016-09.xml,2018-06-14T22:39:56Z
780,https://www.cnn.com/sitemaps/gallery-2012-10.xml,2018-06-14T22:39:56Z
781,https://www.cnn.com/sitemaps/gallery-2013-10.xml,2018-06-14T22:39:56Z
782,https://www.cnn.com/sitemaps/gallery-2014-10.xml,2018-06-14T22:39:56Z
783,https://www.cnn.com/sitemaps/gallery-2015-10.xml,2018-06-14T22:39:56Z
784,https://www.cnn.com/sitemaps/gallery-2012-11.xml,2018-06-14T22:39:56Z
785,https://www.cnn.com/sitemaps/gallery-2014-11.xml,2018-06-14T22:39:56Z
786,https://www.cnn.com/sitemaps/gallery-2015-11.xml,2018-06-14T22:39:56Z
787,https://www.cnn.com/sitemaps/gallery-2012-12.xml,2018-06-14T22:39:56Z
788,https://www.cnn.com/sitemaps/gallery-2013-12.xml,2018-06-14T22:39:56Z
789,https://www.cnn.com/sitemaps/gallery-2015-12.xml,2018-06-14T22:39:56Z
790,https://www.cnn.com/sitemaps/gallery-2016-12.xml,2018-06-14T22:39:56Z
791,https://www.cnn.com/sitemaps/profile-2015-01.xml,2018-06-14T22:39:56Z
792,https://www.cnn.com/sitemaps/profile-2016-01.xml,2018-06-14T22:39:56Z
793,https://www.cnn.com/sitemaps/profile-2017-01.xml,2018-06-14T22:39:56Z
794,https://www.cnn.com/sitemaps/profile-2018-01.xml,2018-06-14T22:39:56Z
795,https://www.cnn.com/sitemaps/profile-2015-02.xml,2018-06-14T22:39:56Z
796,https://www.cnn.com/sitemaps/profile-2016-02.xml,2018-06-14T22:39:56Z
797,https://www.cnn.com/sitemaps/profile-2017-02.xml,2018-06-14T22:39:56Z
798,https://www.cnn.com/sitemaps/profile-2018-02.xml,2018-06-14T22:39:56Z
799,https://www.cnn.com/sitemaps/profile-2015-03.xml,2018-06-14T22:39:56Z
800,https://www.cnn.com/sitemaps/profile-2016-03.xml,2018-06-14T22:39:56Z
801,https://www.cnn.com/sitemaps/profile-2017-03.xml,2018-06-14T22:39:56Z
802,https://www.cnn.com/sitemaps/profile-2018-03.xml,2018-06-14T22:39:56Z
803,https://www.cnn.com/sitemaps/profile-2015-04.xml,2018-06-14T22:39:56Z
804,https://www.cnn.com/sitemaps/profile-2016-04.xml,2018-06-14T22:39:56Z
805,https://www.cnn.com/sitemaps/profile-2017-04.xml,2018-06-14T22:39:56Z
806,https://www.cnn.com/sitemaps/profile-2018-04.xml,2018-06-14T22:39:56Z
807,https://www.cnn.com/sitemaps/profile-2015-05.xml,2018-06-14T22:39:56Z
808,https://www.cnn.com/sitemaps/profile-2016-05.xml,2018-06-14T22:39:56Z
809,https://www.cnn.com/sitemaps/profile-2017-05.xml,2018-06-14T22:39:56Z
810,https://www.cnn.com/sitemaps/profile-2018-05.xml,2018-06-14T22:39:56Z
811,https://www.cnn.com/sitemaps/profile-2015-06.xml,2018-06-14T22:39:56Z
812,https://www.cnn.com/sitemaps/profile-2016-06.xml,2018-06-14T22:39:56Z
813,https://www.cnn.com/sitemaps/profile-2017-06.xml,2018-06-14T22:39:56Z
814,https://www.cnn.com/sitemaps/profile-2015-07.xml,2018-06-14T22:39:56Z
815,https://www.cnn.com/sitemaps/profile-2016-07.xml,2018-06-14T22:39:56Z
816,https://www.cnn.com/sitemaps/profile-2017-07.xml,2018-06-14T22:39:56Z
817,https://www.cnn.com/sitemaps/profile-2015-08.xml,2018-06-14T22:39:56Z
818,https://www.cnn.com/sitemaps/profile-2016-08.xml,2018-06-14T22:39:56Z
819,https://www.cnn.com/sitemaps/profile-2017-08.xml,2018-06-14T22:39:56Z
820,https://www.cnn.com/sitemaps/profile-2015-09.xml,2018-06-14T22:39:56Z
821,https://www.cnn.com/sitemaps/profile-2016-09.xml,2018-06-14T22:39:56Z
822,https://www.cnn.com/sitemaps/profile-2017-09.xml,2018-06-14T22:39:56Z
823,https://www.cnn.com/sitemaps/profile-2014-10.xml,2018-06-14T22:39:56Z
824,https://www.cnn.com/sitemaps/profile-2015-10.xml,2018-06-14T22:39:56Z
825,https://www.cnn.com/sitemaps/profile-2016-10.xml,2018-06-14T22:39:56Z
826,https://www.cnn.com/sitemaps/profile-2017-10.xml,2018-06-14T22:39:56Z
827,https://www.cnn.com/sitemaps/profile-2014-11.xml,2018-06-14T22:39:56Z
828,https://www.cnn.com/sitemaps/profile-2015-11.xml,2018-06-14T22:39:56Z
829,https://www.cnn.com/sitemaps/profile-2016-11.xml,2018-06-14T22:39:56Z
830,https://www.cnn.com/sitemaps/profile-2017-11.xml,2018-06-14T22:39:56Z
831,https://www.cnn.com/sitemaps/profile-2014-12.xml,2018-06-14T22:39:56Z
832,https://www.cnn.com/sitemaps/profile-2015-12.xml,2018-06-14T22:39:56Z
833,https://www.cnn.com/sitemaps/profile-2016-12.xml,2018-06-14T22:39:56Z
834,https://www.cnn.com/sitemaps/profile-2017-12.xml,2018-06-14T22:39:56Z
835,https://www.cnn.com/sitemaps/show-2015-01.xml,2018-06-14T22:39:56Z
836,https://www.cnn.com/sitemaps/show-2016-01.xml,2018-06-14T22:39:56Z
837,https://www.cnn.com/sitemaps/show-2017-01.xml,2018-06-14T22:39:56Z
838,https://www.cnn.com/sitemaps/show-2018-01.xml,2018-06-14T22:39:56Z
839,https://www.cnn.com/sitemaps/show-2017-02.xml,2018-06-14T22:39:56Z
840,https://www.cnn.com/sitemaps/show-2014-03.xml,2018-06-14T22:39:56Z
841,https://www.cnn.com/sitemaps/show-2016-03.xml,2018-06-14T22:39:56Z
842,https://www.cnn.com/sitemaps/show-2018-03.xml,2018-06-14T22:39:56Z
843,https://www.cnn.com/sitemaps/show-2016-04.xml,2018-06-14T22:39:56Z
844,https://www.cnn.com/sitemaps/show-2017-04.xml,2018-06-14T22:39:56Z
845,https://www.cnn.com/sitemaps/show-2018-04.xml,2018-06-14T22:39:56Z
846,https://www.cnn.com/sitemaps/show-2016-05.xml,2018-06-14T22:39:56Z
847,https://www.cnn.com/sitemaps/show-2018-05.xml,2018-06-14T22:39:56Z
848,https://www.cnn.com/sitemaps/show-2015-06.xml,2018-06-14T22:39:56Z
849,https://www.cnn.com/sitemaps/show-2015-07.xml,2018-06-14T22:39:56Z
850,https://www.cnn.com/sitemaps/show-2016-07.xml,2018-06-14T22:39:56Z
851,https://www.cnn.com/sitemaps/show-2015-08.xml,2018-06-14T22:39:56Z
852,https://www.cnn.com/sitemaps/show-2016-08.xml,2018-06-14T22:39:56Z
853,https://www.cnn.com/sitemaps/show-2017-08.xml,2018-06-14T22:39:56Z
854,https://www.cnn.com/sitemaps/show-2015-09.xml,2018-06-14T22:39:56Z
855,https://www.cnn.com/sitemaps/show-2016-09.xml,2018-06-14T22:39:56Z
856,https://www.cnn.com/sitemaps/show-2014-10.xml,2018-06-14T22:39:56Z
857,https://www.cnn.com/sitemaps/show-2015-10.xml,2018-06-14T22:39:56Z
858,https://www.cnn.com/sitemaps/show-2017-10.xml,2018-06-14T22:39:56Z
859,https://www.cnn.com/sitemaps/show-2015-11.xml,2018-06-14T22:39:56Z
860,https://www.cnn.com/sitemaps/show-2016-11.xml,2018-06-14T22:39:56Z
861,https://www.cnn.com/sitemaps/show-2017-11.xml,2018-06-14T22:39:56Z
862,https://www.cnn.com/sitemaps/show-2014-12.xml,2018-06-14T22:39:56Z
863,https://www.cnn.com/sitemaps/show-2016-12.xml,2018-06-14T22:39:56Z
864,https://www.cnn.com/sitemaps/show-2017-12.xml,2018-06-14T22:39:56Z
865,https://www.cnn.com/sitemaps/special-2015-01.xml,2018-06-14T22:39:56Z
866,https://www.cnn.com/sitemaps/special-2016-01.xml,2018-06-14T22:39:56Z
867,https://www.cnn.com/sitemaps/special-2017-01.xml,2018-06-14T22:39:56Z
868,https://www.cnn.com/sitemaps/special-2018-01.xml,2018-06-14T22:39:56Z
869,https://www.cnn.com/sitemaps/special-2015-02.xml,2018-06-14T22:39:56Z
870,https://www.cnn.com/sitemaps/special-2016-02.xml,2018-06-14T22:39:56Z
871,https://www.cnn.com/sitemaps/special-2017-02.xml,2018-06-14T22:39:56Z
872,https://www.cnn.com/sitemaps/special-2018-02.xml,2018-06-14T22:39:56Z
873,https://www.cnn.com/sitemaps/special-2015-03.xml,2018-06-14T22:39:56Z
874,https://www.cnn.com/sitemaps/special-2016-03.xml,2018-06-14T22:39:56Z
875,https://www.cnn.com/sitemaps/special-2017-03.xml,2018-06-14T22:39:56Z
876,https://www.cnn.com/sitemaps/special-2018-03.xml,2018-06-14T22:39:56Z
877,https://www.cnn.com/sitemaps/special-2015-04.xml,2018-06-14T22:39:56Z
878,https://www.cnn.com/sitemaps/special-2016-04.xml,2018-06-14T22:39:56Z
879,https://www.cnn.com/sitemaps/special-2017-04.xml,2018-06-14T22:39:56Z
880,https://www.cnn.com/sitemaps/special-2018-04.xml,2018-06-14T22:39:56Z
881,https://www.cnn.com/sitemaps/special-2015-05.xml,2018-06-14T22:39:56Z
882,https://www.cnn.com/sitemaps/special-2016-05.xml,2018-06-14T22:39:56Z
883,https://www.cnn.com/sitemaps/special-2017-05.xml,2018-06-14T22:39:56Z
884,https://www.cnn.com/sitemaps/special-2018-05.xml,2018-06-14T22:39:56Z
885,https://www.cnn.com/sitemaps/special-2015-06.xml,2018-06-14T22:39:56Z
886,https://www.cnn.com/sitemaps/special-2016-06.xml,2018-06-14T22:39:56Z
887,https://www.cnn.com/sitemaps/special-2017-06.xml,2018-06-14T22:39:56Z
888,https://www.cnn.com/sitemaps/special-2015-07.xml,2018-06-14T22:39:56Z
889,https://www.cnn.com/sitemaps/special-2016-07.xml,2018-06-14T22:39:56Z
890,https://www.cnn.com/sitemaps/special-2017-07.xml,2018-06-14T22:39:56Z
891,https://www.cnn.com/sitemaps/special-2015-08.xml,2018-06-14T22:39:56Z
892,https://www.cnn.com/sitemaps/special-2016-08.xml,2018-06-14T22:39:56Z
893,https://www.cnn.com/sitemaps/special-2017-08.xml,2018-06-14T22:39:56Z
894,https://www.cnn.com/sitemaps/special-2014-09.xml,2018-06-14T22:39:56Z
895,https://www.cnn.com/sitemaps/special-2015-09.xml,2018-06-14T22:39:56Z
896,https://www.cnn.com/sitemaps/special-2016-09.xml,2018-06-14T22:39:56Z
897,https://www.cnn.com/sitemaps/special-2017-09.xml,2018-06-14T22:39:56Z
898,https://www.cnn.com/sitemaps/special-2014-10.xml,2018-06-14T22:39:56Z
899,https://www.cnn.com/sitemaps/special-2015-10.xml,2018-06-14T22:39:56Z
900,https://www.cnn.com/sitemaps/special-2016-10.xml,2018-06-14T22:39:56Z
901,https://www.cnn.com/sitemaps/special-2017-10.xml,2018-06-14T22:39:56Z
902,https://www.cnn.com/sitemaps/special-2014-11.xml,2018-06-14T22:39:56Z
903,https://www.cnn.com/sitemaps/special-2015-11.xml,2018-06-14T22:39:56Z
904,https://www.cnn.com/sitemaps/special-2016-11.xml,2018-06-14T22:39:56Z
905,https://www.cnn.com/sitemaps/special-2017-11.xml,2018-06-14T22:39:56Z
906,https://www.cnn.com/sitemaps/special-2014-12.xml,2018-06-14T22:39:56Z
907,https://www.cnn.com/sitemaps/special-2015-12.xml,2018-06-14T22:39:56Z
908,https://www.cnn.com/sitemaps/special-2016-12.xml,2018-06-14T22:39:56Z
909,https://www.cnn.com/sitemaps/special-2017-12.xml,2018-06-14T22:39:56Z
910,https://www.cnn.com/sitemaps/video-2015-03.xml,2018-06-14T22:39:56Z
911,https://www.cnn.com/sitemaps/video-2013-04.xml,2018-06-14T22:39:56Z
912,https://www.cnn.com/sitemaps/video-2016-04.xml,2018-06-14T22:39:56Z
913,https://www.cnn.com/sitemaps/video-2011-07.xml,2018-06-14T22:39:56Z
914,https://www.cnn.com/sitemaps/video-2011-08.xml,2018-06-14T22:39:56Z
915,https://www.cnn.com/sitemaps/video-2014-10.xml,2018-06-14T22:39:56Z
916,https://www.cnn.com/sitemaps/video-2012-11.xml,2018-06-14T22:39:56Z
917,https://www.cnn.com/sitemaps/video-2012-12.xml,2018-06-14T22:39:56Z
918,https://www.cnn.com/sitemaps/article-2018-06.xml,2018-06-11T00:36:44Z
919,https://www.cnn.com/sitemaps/video-2018-05.xml,2018-05-29T15:13:41Z
920,https://www.cnn.com/sitemaps/gallery-2018-05.xml,2018-05-22T17:35:51Z
921,https://www.cnn.com/sitemaps/article-2018-05.xml,2018-05-15T15:21:37Z
922,https://www.cnn.com/sitemaps/gallery-2018-04.xml,2018-04-23T15:29:05Z
923,https://www.cnn.com/sitemaps/video-2018-04.xml,2018-04-17T14:35:55Z
924,https://www.cnn.com/sitemaps/article-2018-04.xml,2018-04-05T19:23:24Z
925,https://www.cnn.com/sitemaps/gallery-2018-03.xml,2018-03-13T20:29:48Z
926,https://www.cnn.com/sitemaps/video-2018-03.xml,2018-03-02T05:21:48Z
927,https://www.cnn.com/sitemaps/article-2018-03.xml,2018-03-01T18:29:15Z
928,https://www.cnn.com/sitemaps/article-2018-02.xml,2018-02-27T23:19:01Z
929,https://www.cnn.com/sitemaps/video-2018-02.xml,2018-02-08T16:37:35Z
930,https://edition.cnn.com/sitemaps/article-2018-02.xml,2018-02-05T20:14:06Z
931,https://www.cnn.com/sitemaps/gallery-2018-02.xml,2018-02-02T12:30:45Z
932,https://www.cnn.com/sitemaps/article-2018-01.xml,2018-01-18T23:14:24Z
933,https://www.cnn.com/sitemaps/video-2018-01.xml,2018-01-18T21:00:04Z
934,https://www.cnn.com/sitemaps/gallery-2018-01.xml,2018-01-12T00:00:13Z
935,https://edition.cnn.com/sitemaps/gallery-2017-12.xml,2017-12-28T15:55:23Z
936,https://www.cnn.com/sitemaps/article-2017-12.xml,2017-12-28T02:35:42Z
937,https://www.cnn.com/sitemaps/video-2017-12.xml,2017-12-26T00:46:52Z
938,https://www.cnn.com/sitemaps/gallery-2017-12.xml,2017-12-06T20:15:46Z
939,https://www.cnn.com/sitemaps/video-2017-11.xml,2017-11-29T13:13:32Z
940,https://www.cnn.com/sitemaps/article-2017-11.xml,2017-11-28T05:58:33Z
941,https://edition.cnn.com/sitemaps/article-2017-11.xml,2017-11-09T17:15:13Z
942,https://www.cnn.com/sitemaps/gallery-2017-11.xml,2017-11-02T12:32:52Z
943,https://www.cnn.com/sitemaps/gallery-2017-10.xml,2017-10-29T22:56:26Z
944,https://www.cnn.com/sitemaps/article-2017-10.xml,2017-10-18T19:50:29Z
945,https://www.cnn.com/sitemaps/video-2017-10.xml,2017-10-06T01:32:56Z
946,https://www.cnn.com/sitemaps/video-2017-09.xml,2017-09-19T01:20:46Z
947,https://www.cnn.com/sitemaps/gallery-2017-09.xml,2017-09-13T13:26:29Z
948,https://www.cnn.com/sitemaps/article-2017-09.xml,2017-09-05T22:25:30Z
949,https://www.cnn.com/sitemaps/gallery-2017-08.xml,2017-08-31T12:03:08Z
950,https://www.cnn.com/sitemaps/video-2017-08.xml,2017-08-25T01:16:00Z
951,https://www.cnn.com/sitemaps/article-2017-08.xml,2017-08-24T02:46:59Z
952,https://edition.cnn.com/sitemaps/gallery-2017-08.xml,2017-08-10T12:00:33Z
953,https://www.cnn.com/sitemaps/gallery-2017-07.xml,2017-07-28T08:58:34Z
954,https://www.cnn.com/sitemaps/video-2017-07.xml,2017-07-27T07:48:28Z
955,https://www.cnn.com/sitemaps/article-2017-07.xml,2017-07-12T14:24:59Z
956,https://www.cnn.com/sitemaps/article-2017-06.xml,2017-06-26T00:39:56Z
957,https://www.cnn.com/sitemaps/gallery-2017-06.xml,2017-06-23T09:12:35Z
958,https://edition.cnn.com/sitemaps/article-2017-06.xml,2017-06-16T08:24:16Z
959,https://www.cnn.com/sitemaps/video-2017-06.xml,2017-06-12T18:45:55Z
960,https://www.cnn.com/sitemaps/video-2017-05.xml,2017-05-31T17:45:17Z
961,https://edition.cnn.com/sitemaps/article-2017-05.xml,2017-05-30T12:09:18Z
962,https://www.cnn.com/sitemaps/gallery-2017-05.xml,2017-05-26T09:56:09Z
963,https://edition.cnn.com/sitemaps/gallery-2017-05.xml,2017-05-15T01:38:05Z
964,https://www.cnn.com/sitemaps/article-2017-05.xml,2017-05-03T13:58:51Z
965,https://www.cnn.com/sitemaps/gallery-2017-04.xml,2017-04-27T10:07:19Z
966,https://www.cnn.com/sitemaps/article-2017-04.xml,2017-04-17T18:07:40Z
967,https://www.cnn.com/sitemaps/video-2017-04.xml,2017-04-01T21:31:47Z
968,https://edition.cnn.com/sitemaps/article-2017-03.xml,2017-03-31T13:12:53Z
969,https://www.cnn.com/sitemaps/gallery-2017-03.xml,2017-03-30T10:42:52Z
970,https://www.cnn.com/sitemaps/video-2017-03.xml,2017-03-22T11:35:01Z
971,https://www.cnn.com/sitemaps/article-2017-03.xml,2017-03-11T20:17:28Z
972,https://www.cnn.com/sitemaps/gallery-2017-02.xml,2017-02-14T10:00:13Z
973,https://edition.cnn.com/sitemaps/gallery-2017-02.xml,2017-02-10T18:42:33Z
974,https://www.cnn.com/sitemaps/video-2017-02.xml,2017-02-10T16:09:34Z
975,https://www.cnn.com/sitemaps/article-2017-02.xml,2017-02-06T10:57:03Z
976,https://www.cnn.com/sitemaps/video-2017-01.xml,2017-01-27T13:43:12Z
977,https://www.cnn.com/sitemaps/gallery-2017-01.xml,2017-01-26T09:57:45Z
978,https://www.cnn.com/sitemaps/article-2017-01.xml,2017-01-23T12:07:55Z
979,https://www.cnn.com/sitemaps/article-2016-12.xml,2016-12-30T08:28:11Z
980,https://www.cnn.com/sitemaps/video-2016-12.xml,2016-12-07T01:11:05Z
981,https://www.cnn.com/sitemaps/gallery-2016-11.xml,2016-11-24T03:25:37Z
982,https://www.cnn.com/sitemaps/video-2016-11.xml,2016-11-16T17:39:10Z
983,https://www.cnn.com/sitemaps/article-2016-11.xml,2016-11-01T17:00:07Z
984,https://www.cnn.com/sitemaps/video-2016-10.xml,2016-10-15T19:52:29Z
985,https://www.cnn.com/sitemaps/article-2016-10.xml,2016-10-14T01:27:44Z
986,https://www.cnn.com/sitemaps/gallery-2016-10.xml,2016-10-12T02:31:41Z
987,https://www.cnn.com/sitemaps/article-2016-09.xml,2016-09-26T13:03:56Z
988,https://www.cnn.com/sitemaps/video-2016-09.xml,2016-09-12T14:35:39Z
989,https://www.cnn.com/sitemaps/article-2016-08.xml,2016-08-16T14:40:01Z
990,https://www.cnn.com/sitemaps/gallery-2016-08.xml,2016-08-12T00:19:36Z
991,https://www.cnn.com/sitemaps/video-2016-08.xml,2016-08-07T15:02:17Z
992,https://www.cnn.com/sitemaps/video-2016-07.xml,2016-07-13T01:43:28Z
993,https://www.cnn.com/sitemaps/gallery-2016-07.xml,2016-07-11T01:52:47Z
994,https://www.cnn.com/sitemaps/article-2016-07.xml,2016-07-08T00:54:03Z
995,https://edition.cnn.com/sitemaps/article-2016-07.xml,2016-07-02T13:51:33Z
996,https://www.cnn.com/sitemaps/article-2016-06.xml,2016-06-28T11:29:46Z
997,https://www.cnn.com/sitemaps/gallery-2016-06.xml,2016-06-28T01:22:57Z
998,https://www.cnn.com/sitemaps/video-2016-06.xml,2016-06-19T17:56:21Z
999,https://www.cnn.com/sitemaps/article-2016-05.xml,2016-05-25T02:52:14Z
1000,https://www.cnn.com/sitemaps/gallery-2016-05.xml,2016-05-17T17:17:28Z
1001,https://www.cnn.com/sitemaps/video-2016-05.xml,2016-05-02T14:39:53Z
1002,https://www.cnn.com/sitemaps/gallery-2016-04.xml,2016-04-22T09:26:26Z
1003,https://www.cnn.com/sitemaps/article-2016-04.xml,2016-04-01T16:40:15Z
1004,https://www.cnn.com/sitemaps/gallery-2016-03.xml,2016-03-30T04:06:30Z
1005,https://www.cnn.com/sitemaps/article-2016-03.xml,2016-03-19T07:59:55Z
1006,https://www.cnn.com/sitemaps/video-2016-03.xml,2016-03-10T15:59:13Z
1007,https://www.cnn.com/sitemaps/article-2016-02.xml,2016-02-22T07:04:07Z
1008,https://www.cnn.com/sitemaps/video-2016-02.xml,2016-02-09T13:25:40Z
1009,https://www.cnn.com/sitemaps/video-2016-01.xml,2016-01-22T16:56:52Z
1010,https://www.cnn.com/sitemaps/article-2016-01.xml,2016-01-21T22:27:28Z
1011,https://www.cnn.com/sitemaps/gallery-2016-01.xml,2016-01-08T02:38:23Z
1012,https://www.cnn.com/sitemaps/video-2015-12.xml,2015-12-30T12:59:37Z
1013,https://www.cnn.com/sitemaps/article-2015-12.xml,2015-12-29T04:34:31Z
1014,https://edition.cnn.com/sitemaps/article-2015-12.xml,2015-12-18T17:30:11Z
1015,https://www.cnn.com/sitemaps/video-2015-11.xml,2015-11-26T02:28:07Z
1016,https://www.cnn.com/sitemaps/article-2015-11.xml,2015-11-10T13:27:43Z
1017,https://www.cnn.com/sitemaps/article-2015-10.xml,2015-10-23T19:49:17Z
1018,https://edition.cnn.com/sitemaps/article-2015-10.xml,2015-10-21T01:38:20Z
1019,https://www.cnn.com/sitemaps/video-2015-10.xml,2015-10-14T19:54:18Z
1020,https://www.cnn.com/sitemaps/video-2015-09.xml,2015-09-16T17:08:18Z
1021,https://www.cnn.com/sitemaps/article-2015-09.xml,2015-09-10T12:35:12Z
1022,https://www.cnn.com/sitemaps/video-2015-08.xml,2015-08-17T16:24:45Z
1023,https://edition.cnn.com/sitemaps/article-2015-08.xml,2015-08-13T15:13:38Z
1024,https://www.cnn.com/sitemaps/article-2015-08.xml,2015-08-12T01:02:17Z
1025,https://www.cnn.com/sitemaps/article-2015-07.xml,2015-07-20T10:39:19Z
1026,https://www.cnn.com/sitemaps/video-2015-07.xml,2015-07-16T13:08:10Z
1027,https://www.cnn.com/sitemaps/gallery-2015-07.xml,2015-07-01T14:08:11Z
1028,https://www.cnn.com/sitemaps/article-2015-06.xml,2015-06-18T23:59:28Z
1029,https://www.cnn.com/sitemaps/video-2015-06.xml,2015-06-05T19:36:21Z
1030,https://www.cnn.com/sitemaps/video-2015-05.xml,2015-05-26T14:29:26Z
1031,https://www.cnn.com/sitemaps/article-2015-05.xml,2015-05-25T18:59:01Z
1032,https://www.cnn.com/sitemaps/gallery-2015-05.xml,2015-05-01T10:30:45Z
1033,https://www.cnn.com/sitemaps/gallery-2015-04.xml,2015-04-24T15:41:37Z
1034,https://www.cnn.com/sitemaps/video-2015-04.xml,2015-04-24T15:20:49Z
1035,https://www.cnn.com/sitemaps/article-2015-04.xml,2015-04-02T02:26:18Z
1036,https://www.cnn.com/sitemaps/article-2015-03.xml,2015-03-31T09:26:16Z
1037,https://www.cnn.com/sitemaps/article-2015-02.xml,2015-02-26T19:16:09Z
1038,https://www.cnn.com/sitemaps/video-2015-02.xml,2015-02-25T04:35:58Z
1039,https://www.cnn.com/sitemaps/gallery-2015-02.xml,2015-02-09T07:24:22Z
1040,https://edition.cnn.com/sitemaps/article-2015-01.xml,2015-01-16T16:24:12Z
1041,https://www.cnn.com/sitemaps/video-2015-01.xml,2015-01-06T09:15:11Z
1042,https://www.cnn.com/sitemaps/article-2015-01.xml,2015-01-05T14:23:13Z
1043,https://www.cnn.com/sitemaps/video-2014-12.xml,2014-12-29T18:24:17Z
1044,https://www.cnn.com/sitemaps/article-2014-12.xml,2014-12-10T06:25:28Z
1045,https://www.cnn.com/sitemaps/gallery-2014-12.xml,2014-12-05T10:25:12Z
1046,https://www.cnn.com/sitemaps/video-2014-11.xml,2014-11-03T20:58:51Z
1047,https://www.cnn.com/sitemaps/article-2014-11.xml,2014-11-03T12:51:58Z
1048,https://www.cnn.com/sitemaps/article-2014-10.xml,2014-10-21T18:15:09Z
1049,https://www.cnn.com/sitemaps/article-2014-09.xml,2014-09-23T15:01:07Z
1050,https://www.cnn.com/sitemaps/video-2014-09.xml,2014-09-04T04:08:49Z
1051,https://www.cnn.com/sitemaps/article-2014-08.xml,2014-08-30T21:01:26Z
1052,https://www.cnn.com/sitemaps/video-2014-08.xml,2014-08-19T11:50:10Z
1053,https://www.cnn.com/sitemaps/article-2014-07.xml,2014-07-10T00:16:02Z
1054,https://www.cnn.com/sitemaps/video-2014-07.xml,2014-07-05T16:44:17Z
1055,https://www.cnn.com/sitemaps/gallery-2014-06.xml,2014-06-18T14:41:38Z
1056,https://www.cnn.com/sitemaps/video-2014-06.xml,2014-06-16T22:09:38Z
1057,https://www.cnn.com/sitemaps/article-2014-05.xml,2014-05-23T21:10:08Z
1058,https://www.cnn.com/sitemaps/gallery-2014-05.xml,2014-05-15T15:18:20Z
1059,https://www.cnn.com/sitemaps/video-2014-05.xml,2014-05-06T16:38:50Z
1060,https://www.cnn.com/sitemaps/article-2014-04.xml,2014-04-25T04:07:03Z
1061,https://www.cnn.com/sitemaps/video-2014-04.xml,2014-04-02T12:23:55Z
1062,https://www.cnn.com/sitemaps/gallery-2014-04.xml,2014-04-01T01:46:32Z
1063,https://www.cnn.com/sitemaps/gallery-2014-03.xml,2014-03-28T13:21:06Z
1064,https://www.cnn.com/sitemaps/video-2014-03.xml,2014-03-07T21:05:35Z
1065,https://www.cnn.com/sitemaps/article-2014-03.xml,2014-03-05T02:18:34Z
1066,https://www.cnn.com/sitemaps/video-2014-02.xml,2014-02-07T11:46:21Z
1067,https://www.cnn.com/sitemaps/article-2014-02.xml,2014-02-03T05:28:52Z
1068,https://www.cnn.com/sitemaps/article-2014-01.xml,2014-01-20T20:53:12Z
1069,https://www.cnn.com/sitemaps/video-2014-01.xml,2014-01-06T21:00:30Z
1070,https://www.cnn.com/sitemaps/article-2013-12.xml,2013-12-19T16:28:37Z
1071,https://www.cnn.com/sitemaps/video-2013-12.xml,2013-12-01T04:51:24Z
1072,https://www.cnn.com/sitemaps/gallery-2013-11.xml,2013-11-22T17:21:28Z
1073,https://www.cnn.com/sitemaps/video-2013-11.xml,2013-11-12T20:34:00Z
1074,https://www.cnn.com/sitemaps/article-2013-11.xml,2013-11-07T13:47:11Z
1075,https://www.cnn.com/sitemaps/article-2013-10.xml,2013-10-26T14:01:52Z
1076,https://www.cnn.com/sitemaps/video-2013-10.xml,2013-10-17T22:12:51Z
1077,https://www.cnn.com/sitemaps/article-2013-09.xml,2013-09-20T06:26:06Z
1078,https://edition.cnn.com/sitemaps/article-2013-09.xml,2013-09-19T11:01:58Z
1079,https://www.cnn.com/sitemaps/video-2013-09.xml,2013-09-03T14:15:55Z
1080,https://www.cnn.com/sitemaps/video-2013-08.xml,2013-08-23T16:47:57Z
1081,https://www.cnn.com/sitemaps/article-2013-08.xml,2013-08-22T01:15:18Z
1082,https://www.cnn.com/sitemaps/gallery-2013-08.xml,2013-08-15T14:50:31Z
1083,https://www.cnn.com/sitemaps/video-2013-07.xml,2013-07-03T06:57:24Z
1084,https://www.cnn.com/sitemaps/article-2013-07.xml,2013-07-01T12:44:23Z
1085,https://www.cnn.com/sitemaps/article-2013-06.xml,2013-06-27T10:35:38Z
1086,https://www.cnn.com/sitemaps/video-2013-06.xml,2013-06-16T20:10:46Z
1087,https://www.cnn.com/sitemaps/gallery-2013-06.xml,2013-06-06T19:35:46Z
1088,https://www.cnn.com/sitemaps/video-2013-05.xml,2013-05-24T12:44:13Z
1089,https://www.cnn.com/sitemaps/article-2013-05.xml,2013-05-06T07:59:53Z
1090,https://www.cnn.com/sitemaps/article-2013-04.xml,2013-04-30T11:05:28Z
1091,https://www.cnn.com/sitemaps/video-2013-03.xml,2013-03-25T11:34:57Z
1092,https://www.cnn.com/sitemaps/article-2013-03.xml,2013-03-08T17:47:53Z
1093,https://www.cnn.com/sitemaps/article-2013-02.xml,2013-02-16T16:52:43Z
1094,https://www.cnn.com/sitemaps/video-2013-02.xml,2013-02-01T13:29:23Z
1095,https://www.cnn.com/sitemaps/video-2013-01.xml,2013-01-20T01:48:57Z
1096,https://www.cnn.com/sitemaps/article-2013-01.xml,2013-01-07T13:15:50Z
1097,https://www.cnn.com/sitemaps/article-2012-11.xml,2012-11-20T19:56:21Z
1098,https://www.cnn.com/sitemaps/video-2012-10.xml,2012-10-18T17:26:26Z
1099,https://www.cnn.com/sitemaps/video-2012-09.xml,2012-09-18T11:54:08Z
1100,https://www.cnn.com/sitemaps/article-2012-09.xml,2012-09-06T13:46:12Z
1101,https://www.cnn.com/sitemaps/video-2012-08.xml,2012-08-23T15:42:50Z
1102,https://edition.cnn.com/sitemaps/article-2012-08.xml,2012-08-23T00:00:08Z
1103,https://www.cnn.com/sitemaps/article-2012-08.xml,2012-08-14T08:28:39Z
1104,https://www.cnn.com/sitemaps/video-2012-07.xml,2012-07-19T17:18:27Z
1105,https://www.cnn.com/sitemaps/article-2012-06.xml,2012-06-27T14:29:24Z
1106,https://www.cnn.com/sitemaps/video-2012-06.xml,2012-06-03T20:01:26Z
1107,https://www.cnn.com/sitemaps/video-2012-05.xml,2012-05-31T14:18:51Z
1108,https://www.cnn.com/sitemaps/article-2012-05.xml,2012-05-18T11:05:56Z
1109,https://www.cnn.com/sitemaps/video-2012-04.xml,2012-04-11T14:00:33Z
1110,https://www.cnn.com/sitemaps/video-2012-03.xml,2012-03-14T21:10:52Z
1111,https://www.cnn.com/sitemaps/video-2012-02.xml,2012-02-21T23:50:06Z
1112,https://www.cnn.com/sitemaps/article-2012-01.xml,2012-01-31T14:27:56Z
1113,https://www.cnn.com/sitemaps/video-2012-01.xml,2012-01-25T23:08:30Z
1114,https://www.cnn.com/sitemaps/article-2011-12.xml,2011-12-14T06:49:13Z
1115,https://www.cnn.com/sitemaps/video-2011-12.xml,2011-12-11T17:55:54Z
1116,https://www.cnn.com/sitemaps/video-2011-11.xml,2011-11-25T21:35:36Z
1117,https://www.cnn.com/sitemaps/video-2011-10.xml,2011-10-07T01:04:18Z
1118,https://www.cnn.com/sitemaps/video-2011-09.xml,2011-09-05T15:01:03Z
1119,https://www.cnn.com/middleeast/live-news/israel-hamas-war-gaza-news-11-21-23/index.html,"
            "
1120,https://www.cnn.com/middleeast/live-news/israel-hamas-war-gaza-news-11-20-23/index.html,"
            "
1121,https://www.cnn.com/2023/11/20/business/brody-musk-lawsuit-invs/index.html,"
            "
1122,https://www.cnn.com/2023/11/20/cnn10/ten-content-tues/index.html,"
            "
1123,https://www.cnn.com/travel/article/what-to-do-flight-canceled-delayed/index.html,"
            "
1124,https://www.cnn.com/2023/11/20/politics/presidential-debate-dates/index.html,"
            "
1125,https://www.cnn.com/politics/live-news/trump-gag-order-appeals-court-11-20-23/index.html,"
            "
1126,https://www.cnn.com/2022/11/24/health/turkey-sleep-tryptophan-myth-wellness/index.html,"
            "
1127,https://www.cnn.com/2013/05/30/us/tiger-woods-fast-facts/index.html,"
            "
1128,https://www.cnn.com/middleeast/live-news/israel-hamas-war-gaza-news-11-19-23/index.html,"
            "
1129,https://www.cnn.com/2023/11/19/us/golden-gate-bridge-suicide-safety-net/index.html,"
            "
1130,https://www.cnn.com/2023/11/19/cnn10/ten-content-mon/index.html,"
            "
